token_id,identity_id,age_days,last_used_days
TOK001,EMP001,103,56
TOK002,EMP002,436,17
TOK003,EMP003,349,38
TOK004,EMP004,271,24
tok_emp005_abuse,EMP005,400,69
TOK006,EMP006,72,116
TOK007,EMP007,189,98
TOK008,EMP008,21,70
TOK009,EMP009,103,86
TOK010,EMP010,122,11
TOK011,EMP011,467,112
TOK012,EMP012,215,16
TOK013,EMP013,331,97
TOK014,EMP014,459,73
TOK015,EMP015,88,59
TOK016,EMP016,373,70
TOK017,EMP017,100,80
TOK018,EMP018,360,93
TOK019,EMP019,152,3
TOK020,EMP020,131,20
TOK021,EMP021,150,59
TOK022,EMP022,309,36
TOK023,EMP023,258,19
TOK024,EMP024,344,90
TOK025,EMP025,492,67
TOK026,EMP026,414,19
TOK027,EMP027,294,20
TOK028,EMP028,386,96
TOK029,EMP029,192,71
TOK030,EMP030,444,52
TOK031,EMP031,277,105
TOK032,EMP032,161,33
TOK033,EMP033,460,40
TOK034,EMP034,314,39
TOK035,EMP035,22,82
TOK036,EMP036,253,104
TOK037,EMP037,236,1
TOK038,EMP038,345,11
TOK039,EMP039,49,92
TOK040,EMP040,475,57
TOK041,EMP041,59,89
TOK042,EMP042,170,50
TOK043,EMP043,476,23
TOK044,EMP044,188,31
TOK045,EMP045,464,94
TOK046,EMP046,271,42
TOK047,EMP047,190,99
TOK048,EMP048,446,7
TOK049,EMP049,175,16
TOK050,EMP050,446,90
TOK051,EMP051,51,112
TOK052,EMP052,364,116
TOK053,EMP053,55,60
TOK054,EMP054,244,113
TOK055,EMP055,320,2
TOK056,EMP056,131,1
TOK057,EMP057,485,48
TOK058,EMP058,307,12
TOK059,EMP059,135,69
TOK060,EMP060,21,37
TOK061,EMP061,329,32
TOK062,EMP062,167,119
TOK063,EMP063,274,9
TOK064,EMP064,388,105
TOK065,EMP065,89,99
TOK066,EMP066,316,19
TOK067,EMP067,14,48
TOK068,EMP068,242,80
TOK069,EMP069,265,3
TOK070,EMP070,346,20
TOK071,EMP071,53,24
TOK072,EMP072,386,54
TOK073,EMP073,340,33
TOK074,EMP074,92,24
TOK075,EMP075,367,116
TOK076,EMP076,444,75
TOK077,EMP077,455,113
TOK078,EMP078,428,72
TOK079,EMP079,264,36
TOK080,EMP080,431,38
TOK081,EMP081,35,104
TOK082,EMP082,206,84
TOK083,EMP083,81,99
TOK084,EMP084,420,112
TOK085,EMP085,50,89
TOK086,EMP086,360,99
TOK087,EMP087,388,25
TOK088,EMP088,2,93
TOK089,EMP089,390,18
TOK090,EMP090,54,110
TOK091,EMP091,106,82
TOK092,EMP092,260,66
TOK093,EMP093,310,54
TOK094,EMP094,477,35
TOK095,EMP095,191,80
TOK096,EMP096,402,61
TOK097,EMP097,218,41
TOK098,EMP098,44,100
TOK099,EMP099,162,33
TOK100,EMP100,202,68
TOK101,EMP101,446,33
TOK102,EMP102,484,14
TOK103,EMP103,270,21
TOK104,EMP104,351,48
TOK105,EMP105,304,20
TOK106,EMP106,271,8
TOK107,EMP107,456,7
TOK108,EMP108,462,67
TOK109,EMP109,215,17
TOK110,EMP110,252,33
TOK111,EMP111,190,48
TOK112,EMP112,296,76
TOK113,EMP113,213,59
TOK114,EMP114,208,115
TOK115,EMP115,237,86
TOK116,EMP116,338,119
TOK117,EMP117,367,22
TOK118,EMP118,53,110
TOK119,EMP119,280,30
TOK120,EMP120,410,38
TOK121,EMP121,217,102
TOK122,EMP122,252,109
TOK123,EMP123,188,51
TOK124,EMP124,380,54
TOK125,EMP125,493,8
TOK126,EMP126,41,27
TOK127,EMP127,157,27
TOK128,EMP128,15,98
TOK129,EMP129,301,21
TOK130,EMP130,65,30
TOK131,EMP131,345,97
TOK132,EMP132,327,28
TOK133,EMP133,9,111
TOK134,EMP134,344,64
TOK135,EMP135,129,97
TOK136,EMP136,492,69
TOK137,EMP137,136,61
TOK138,EMP138,472,48
TOK139,EMP139,63,19
TOK140,EMP140,139,4
TOK141,EMP141,499,35
TOK142,EMP142,81,64
TOK143,EMP143,392,49
TOK144,EMP144,163,17
TOK145,EMP145,419,44
TOK146,EMP146,289,92
TOK147,EMP147,379,30
TOK148,EMP148,261,93
TOK149,EMP149,490,46
TOK150,EMP150,231,117
TOK151,EMP151,41,6
TOK152,EMP152,28,99
TOK153,EMP153,135,105
TOK154,EMP154,201,37
TOK155,EMP155,328,24
TOK156,EMP156,268,93
TOK157,EMP157,418,113
TOK158,EMP158,33,46
TOK159,EMP159,48,53
TOK160,EMP160,407,95
TOK161,EMP161,62,99
TOK162,EMP162,216,60
TOK163,EMP163,293,97
TOK164,EMP164,99,116
TOK165,EMP165,172,63
TOK166,EMP166,360,85
TOK167,EMP167,214,32
TOK168,EMP168,475,87
TOK169,EMP169,35,33
TOK170,EMP170,449,67
TOK171,EMP171,227,18
TOK172,EMP172,101,25
TOK173,EMP173,431,106
TOK174,EMP174,462,95
TOK175,EMP175,131,54
TOK176,EMP176,257,58
TOK177,EMP177,5,67
TOK178,EMP178,218,104
TOK179,EMP179,255,46
TOK180,EMP180,398,24
TOK181,EMP181,359,114
TOK182,EMP182,283,32
TOK183,EMP183,393,47
TOK184,EMP184,207,86
TOK185,EMP185,15,23
TOK186,EMP186,346,66
TOK187,EMP187,42,27
TOK188,EMP188,380,106
TOK189,EMP189,461,2
TOK190,EMP190,179,90
TOK191,EMP191,63,17
TOK192,EMP192,352,104
TOK193,EMP193,231,33
TOK194,EMP194,241,9
TOK195,EMP195,52,43
TOK196,EMP196,96,118
TOK197,EMP197,388,48
TOK198,EMP198,222,39
TOK199,EMP199,485,93
TOK200,EMP200,407,42
TOK201,CTR001,231,119
TOK202,CTR002,237,26
TOK203,CTR003,143,99
TOK204,CTR004,171,50
TOK205,CTR005,29,25
TOK206,CTR006,36,24
TOK207,CTR007,13,13
TOK208,CTR008,160,60
TOK209,CTR009,327,7
TOK210,CTR010,187,57
TOK211,CTR011,243,36
TOK212,CTR012,86,45
TOK213,CTR013,284,20
TOK214,CTR014,66,65
TOK215,CTR015,170,8
TOK216,CTR016,45,110
TOK217,CTR017,62,16
TOK218,CTR018,441,14
TOK219,CTR019,134,76
TOK220,CTR020,284,115
TOK221,CTR021,28,87
TOK222,CTR022,108,15
TOK223,CTR023,44,92
TOK224,CTR024,340,98
TOK225,CTR025,286,66
TOK226,CTR026,446,32
TOK227,CTR027,331,87
TOK228,CTR028,128,63
TOK229,CTR029,348,86
TOK230,CTR030,473,51
TOK231,CTR031,231,25
TOK232,CTR032,190,58
TOK233,CTR033,225,63
TOK234,CTR034,385,62
TOK235,CTR035,377,22
TOK236,CTR036,283,58
TOK237,CTR037,446,58
TOK238,CTR038,121,86
TOK239,CTR039,116,49
TOK240,CTR040,461,52
TOK241,CTR041,233,42
TOK242,CTR042,259,70
TOK243,CTR043,359,15
TOK244,CTR044,198,54
TOK245,CTR045,456,107
TOK246,CTR046,411,60
TOK247,CTR047,137,101
TOK248,CTR048,318,97
TOK249,CTR049,165,8
TOK250,CTR050,225,53
TOK251,SVC001,307,60
TOK252,SVC002,234,108
TOK253,SVC003,172,108
TOK254,SVC004,152,5
TOK255,SVC005,463,103
TOK256,SVC006,315,68
TOK257,SVC007,374,6
TOK258,SVC008,160,109
TOK259,SVC009,96,96
TOK260,SVC010,472,116
TOK261,SVC011,233,94
TOK262,SVC012,180,47
TOK263,SVC013,113,99
TOK264,SVC014,318,55
TOK265,SVC015,497,40
TOK266,SVC016,442,52
TOK267,SVC017,52,16
TOK268,SVC018,268,13
TOK269,SVC019,295,114
TOK270,SVC020,386,106
TOK271,SVC021,387,30
TOK272,SVC022,113,19
TOK273,SVC023,101,17
TOK274,SVC024,113,63
TOK275,SVC025,440,19
TOK276,SVC026,81,92
TOK277,SVC027,187,58
TOK278,SVC028,113,55
TOK279,SVC029,2,90
TOK280,SVC030,130,101
TOK281,SVC031,220,90
TOK282,SVC032,54,117
TOK283,SVC033,343,62
TOK284,SVC034,485,23
TOK285,SVC035,224,9
TOK286,SVC036,225,12
TOK287,SVC037,385,117
TOK288,SVC038,403,1
TOK289,SVC039,126,58
TOK290,SVC040,130,1
TOK291,SVC041,53,111
TOK292,SVC042,172,34
TOK293,SVC043,218,96
TOK294,SVC044,160,118
TOK295,SVC045,198,48
TOK296,SVC046,416,89
TOK297,SVC047,247,104
TOK298,SVC048,324,109
TOK299,SVC049,439,117
TOK300,SVC050,203,1
