identity_id,event,timestamp,platform,ip,action,detail,run_id
EMP122,TOKEN_USE,2026-01-14T13:48:24.474557,AWS,10.0.229.60,,,
SVC024,ROLE_CHANGE,2026-04-01T13:48:24.474582,AWS,10.0.99.95,,,
SVC043,TOKEN_USE,2026-02-21T13:48:24.474592,AWS,10.0.195.129,,,
SVC021,TOKEN_USE,2026-05-09T13:48:24.474600,AD,10.0.70.224,,,
EMP129,LOGIN,2026-01-06T13:48:24.474606,AWS,10.0.190.142,,,
EMP053,LOGIN,2026-04-08T13:48:24.474613,AD,10.0.82.70,,,
CTR031,ROLE_CHANGE,2026-02-28T13:48:24.474619,AD,10.0.113.210,,,
CTR031,ACCESS,2026-06-13T13:48:24.474625,AWS,10.0.27.102,,,
SVC008,ACCESS,2026-04-20T13:48:24.474637,AWS,10.0.41.96,,,
EMP115,LOGIN,2026-03-30T13:48:24.474647,AD,10.0.171.203,,,
EMP075,ROLE_CHANGE,2026-06-10T13:48:24.474658,AWS,10.0.241.179,,,
EMP072,TOKEN_USE,2026-02-25T13:48:24.474666,Okta,10.0.2.232,,,
EMP041,LOGIN,2026-04-15T13:48:24.474672,AD,10.0.76.141,,,
SVC021,TOKEN_USE,2026-05-22T13:48:24.474678,AWS,10.0.121.78,,,
EMP063,LOGIN,2026-04-19T13:48:24.474684,AWS,10.0.234.17,,,
EMP057,TOKEN_USE,2026-01-18T13:48:24.474690,Okta,10.0.8.162,,,
SVC014,ROLE_CHANGE,2026-05-14T13:48:24.474696,AWS,10.0.219.1,,,
EMP181,ROLE_CHANGE,2026-01-24T13:48:24.474702,AWS,10.0.95.171,,,
EMP044,ACCESS,2026-06-02T13:48:24.474708,Okta,10.0.10.100,,,
CTR041,LOGIN,2026-01-08T13:48:24.474715,AWS,10.0.191.65,,,
EMP009,ACCESS,2026-06-02T13:48:24.474721,AWS,10.0.123.188,,,
EMP054,ACCESS,2026-05-16T13:48:24.474727,AD,10.0.180.140,,,
EMP174,ROLE_CHANGE,2025-12-26T13:48:24.474733,AWS,10.0.245.162,,,
EMP094,ROLE_CHANGE,2026-06-03T13:48:24.474739,Okta,10.0.234.10,,,
EMP151,ROLE_CHANGE,2026-06-08T13:48:24.474745,AD,10.0.21.81,,,
EMP159,TOKEN_USE,2026-01-31T13:48:24.474751,AWS,10.0.129.10,,,
EMP098,ACCESS,2026-03-20T13:48:24.474757,AD,10.0.169.70,,,
EMP064,ACCESS,2026-02-28T13:48:24.474763,AWS,10.0.225.230,,,
EMP198,ACCESS,2026-05-03T13:48:24.474769,AWS,10.0.254.95,,,
SVC016,ACCESS,2026-05-29T13:48:24.474776,Okta,10.0.217.21,,,
CTR021,ROLE_CHANGE,2026-01-31T13:48:24.474782,AWS,10.0.164.27,,,
EMP041,ACCESS,2026-01-01T13:48:24.474787,AWS,10.0.156.115,,,
CTR019,ROLE_CHANGE,2025-12-25T13:48:24.474793,AWS,10.0.179.115,,,
EMP022,ACCESS,2026-01-13T13:48:24.474799,AWS,10.0.140.164,,,
EMP030,LOGIN,2025-12-30T13:48:24.474806,Okta,10.0.207.94,,,
SVC013,ROLE_CHANGE,2026-06-12T13:48:24.474811,AD,10.0.224.9,,,
EMP065,LOGIN,2026-04-20T13:48:24.474818,Okta,10.0.187.93,,,
EMP197,LOGIN,2026-01-16T13:48:24.474823,AD,10.0.230.243,,,
EMP190,ACCESS,2026-02-26T13:48:24.474829,AD,10.0.70.136,,,
EMP188,TOKEN_USE,2026-03-31T13:48:24.474835,Okta,10.0.142.64,,,
EMP059,LOGIN,2026-05-03T13:48:24.474840,AWS,10.0.198.234,,,
SVC038,LOGIN,2026-04-13T13:48:24.474846,AWS,10.0.228.55,,,
EMP147,TOKEN_USE,2026-04-29T13:48:24.474852,AD,10.0.69.219,,,
EMP038,TOKEN_USE,2026-05-06T13:48:24.474858,Okta,10.0.227.23,,,
EMP164,ACCESS,2026-06-03T13:48:24.474864,Okta,10.0.148.229,,,
EMP154,ROLE_CHANGE,2025-12-22T13:48:24.474870,Okta,10.0.89.204,,,
EMP186,ROLE_CHANGE,2026-05-19T13:48:24.474876,AD,10.0.71.61,,,
SVC003,LOGIN,2026-03-19T13:48:24.474882,Okta,10.0.188.120,,,
SVC033,ROLE_CHANGE,2026-01-14T13:48:24.474888,AD,10.0.33.80,,,
CTR004,TOKEN_USE,2026-02-05T13:48:24.474894,AWS,10.0.209.211,,,
SVC045,LOGIN,2026-05-18T13:48:24.474900,AWS,10.0.37.116,,,
CTR039,ACCESS,2026-05-18T13:48:24.474907,Okta,10.0.93.197,,,
EMP067,TOKEN_USE,2026-02-11T13:48:24.474914,AD,10.0.63.133,,,
EMP079,ACCESS,2026-05-08T13:48:24.474926,AD,10.0.165.240,,,
EMP116,ACCESS,2026-02-07T13:48:24.474936,AWS,10.0.40.65,,,
EMP101,ACCESS,2026-05-18T13:48:24.474944,Okta,10.0.155.158,,,
SVC024,LOGIN,2026-02-11T13:48:24.474950,Okta,10.0.86.152,,,
SVC048,ROLE_CHANGE,2026-05-07T13:48:24.474956,Okta,10.0.172.216,,,
SVC039,LOGIN,2026-06-12T13:48:24.474962,AD,10.0.23.243,,,
SVC046,ACCESS,2026-01-04T13:48:24.474968,AD,10.0.213.159,,,
EMP016,TOKEN_USE,2026-01-10T13:48:24.474974,Okta,10.0.148.165,,,
EMP155,TOKEN_USE,2026-04-18T13:48:24.474980,Okta,10.0.207.77,,,
CTR033,LOGIN,2025-12-25T13:48:24.474986,AD,10.0.80.113,,,
CTR013,TOKEN_USE,2026-02-21T13:48:24.474991,AD,10.0.174.156,,,
EMP074,ACCESS,2026-03-30T13:48:24.474997,Okta,10.0.176.250,,,
CTR005,ROLE_CHANGE,2026-03-17T13:48:24.475003,Okta,10.0.54.82,,,
EMP124,TOKEN_USE,2026-05-19T13:48:24.475009,AWS,10.0.230.64,,,
EMP073,LOGIN,2026-06-07T13:48:24.475014,AWS,10.0.196.222,,,
CTR015,ROLE_CHANGE,2026-05-10T13:48:24.475020,AWS,10.0.160.49,,,
EMP082,TOKEN_USE,2026-02-08T13:48:24.475026,AWS,10.0.255.226,,,
EMP158,TOKEN_USE,2026-06-14T13:48:24.475032,AD,10.0.201.130,,,
CTR035,ROLE_CHANGE,2026-04-25T13:48:24.475038,Okta,10.0.180.13,,,
EMP026,ACCESS,2026-02-13T13:48:24.475044,Okta,10.0.240.74,,,
SVC025,LOGIN,2026-05-23T13:48:24.475052,AWS,10.0.68.226,,,
EMP136,ACCESS,2026-03-08T13:48:24.475058,AWS,10.0.23.103,,,
EMP027,ROLE_CHANGE,2026-03-19T13:48:24.475064,Okta,10.0.147.19,,,
EMP198,TOKEN_USE,2026-01-30T13:48:24.475069,AWS,10.0.60.33,,,
EMP050,TOKEN_USE,2026-03-16T13:48:24.475076,AWS,10.0.187.194,,,
EMP074,ROLE_CHANGE,2026-01-16T13:48:24.475082,Okta,10.0.205.129,,,
EMP021,LOGIN,2026-06-10T13:48:24.475087,AD,10.0.170.206,,,
CTR043,TOKEN_USE,2026-05-12T13:48:24.475093,Okta,10.0.71.84,,,
EMP164,ROLE_CHANGE,2026-03-11T13:48:24.475099,Okta,10.0.153.152,,,
EMP173,TOKEN_USE,2026-01-26T13:48:24.475105,AWS,10.0.243.209,,,
EMP009,ACCESS,2026-03-27T13:48:24.475111,Okta,10.0.56.251,,,
CTR014,ACCESS,2025-12-25T13:48:24.475117,Okta,10.0.13.153,,,
CTR043,ACCESS,2026-01-03T13:48:24.475122,Okta,10.0.116.185,,,
EMP027,TOKEN_USE,2026-05-07T13:48:24.475128,Okta,10.0.194.38,,,
EMP125,LOGIN,2026-01-24T13:48:24.475134,Okta,10.0.56.49,,,
EMP010,TOKEN_USE,2026-03-31T13:48:24.475144,AWS,10.0.77.106,,,
EMP105,TOKEN_USE,2026-02-11T13:48:24.475153,Okta,10.0.241.224,,,
EMP032,ROLE_CHANGE,2026-02-07T13:48:24.475163,AD,10.0.166.170,,,
CTR045,TOKEN_USE,2026-03-31T13:48:24.475182,AD,10.0.235.234,,,
SVC023,ACCESS,2026-01-31T13:48:24.475191,AWS,10.0.135.157,,,
CTR048,ROLE_CHANGE,2026-04-17T13:48:24.475201,AWS,10.0.152.58,,,
EMP153,ACCESS,2025-12-21T13:48:24.475207,AD,10.0.250.82,,,
CTR046,ACCESS,2026-01-27T13:48:24.475213,Okta,10.0.140.74,,,
EMP063,TOKEN_USE,2026-03-10T13:48:24.475219,AWS,10.0.74.75,,,
EMP022,ACCESS,2026-05-30T13:48:24.475225,AWS,10.0.226.168,,,
EMP132,TOKEN_USE,2026-04-26T13:48:24.475232,AD,10.0.138.239,,,
SVC038,ACCESS,2026-05-15T13:48:24.475237,AD,10.0.122.63,,,
EMP026,ROLE_CHANGE,2026-01-07T13:48:24.475243,AD,10.0.26.26,,,
CTR012,ACCESS,2026-02-19T13:48:24.475249,AD,10.0.70.2,,,
SVC032,ROLE_CHANGE,2026-03-07T13:48:24.475255,Okta,10.0.243.123,,,
EMP103,ACCESS,2026-03-29T13:48:24.475262,AWS,10.0.30.233,,,
EMP046,ROLE_CHANGE,2026-02-03T13:48:24.475268,Okta,10.0.19.234,,,
EMP090,TOKEN_USE,2026-05-05T13:48:24.475274,AD,10.0.203.202,,,
SVC004,ROLE_CHANGE,2026-04-06T13:48:24.475280,AD,10.0.4.77,,,
SVC041,LOGIN,2026-03-26T13:48:24.475288,AWS,10.0.232.254,,,
SVC029,TOKEN_USE,2026-05-16T13:48:24.475300,Okta,10.0.239.70,,,
EMP099,LOGIN,2026-03-27T13:48:24.475313,AD,10.0.234.166,,,
EMP132,ROLE_CHANGE,2026-06-16T13:48:24.475325,Okta,10.0.172.203,,,
EMP152,ROLE_CHANGE,2026-05-06T13:48:24.475335,Okta,10.0.207.212,,,
CTR019,ACCESS,2026-05-28T13:48:24.475345,AWS,10.0.48.48,,,
EMP072,TOKEN_USE,2026-03-29T13:48:24.475365,AD,10.0.3.67,,,
EMP197,ROLE_CHANGE,2026-02-25T13:48:24.475372,AWS,10.0.168.78,,,
SVC049,LOGIN,2026-04-14T13:48:24.475379,Okta,10.0.184.178,,,
EMP121,LOGIN,2025-12-31T13:48:24.475385,AD,10.0.238.79,,,
EMP082,TOKEN_USE,2025-12-26T13:48:24.475391,Okta,10.0.159.177,,,
EMP061,ACCESS,2026-03-17T13:48:24.475397,Okta,10.0.113.57,,,
EMP069,TOKEN_USE,2026-05-11T13:48:24.475403,AWS,10.0.191.107,,,
SVC032,TOKEN_USE,2026-02-02T13:48:24.475409,Okta,10.0.111.196,,,
EMP127,LOGIN,2026-02-05T13:48:24.475416,AWS,10.0.185.20,,,
SVC039,LOGIN,2026-06-04T13:48:24.475422,Okta,10.0.103.147,,,
SVC025,ROLE_CHANGE,2026-05-08T13:48:24.475427,AWS,10.0.226.30,,,
EMP106,TOKEN_USE,2026-05-27T13:48:24.475433,Okta,10.0.228.208,,,
EMP029,TOKEN_USE,2026-05-17T13:48:24.475440,Okta,10.0.212.117,,,
SVC039,LOGIN,2026-01-27T13:48:24.475445,AWS,10.0.157.186,,,
EMP012,TOKEN_USE,2026-04-15T13:48:24.475451,AD,10.0.111.149,,,
EMP038,LOGIN,2026-03-03T13:48:24.475457,AWS,10.0.32.139,,,
EMP031,LOGIN,2026-02-19T13:48:24.475464,AD,10.0.146.105,,,
EMP093,ROLE_CHANGE,2026-01-06T13:48:24.475470,Okta,10.0.215.96,,,
EMP196,TOKEN_USE,2026-03-15T13:48:24.475476,AWS,10.0.41.175,,,
SVC027,ROLE_CHANGE,2026-01-03T13:48:24.475482,AWS,10.0.60.46,,,
SVC026,TOKEN_USE,2026-02-04T13:48:24.475488,AD,10.0.114.214,,,
EMP002,LOGIN,2026-04-04T13:48:24.475493,AWS,10.0.217.137,,,
EMP195,ROLE_CHANGE,2026-04-17T13:48:24.475499,AWS,10.0.177.40,,,
EMP142,ROLE_CHANGE,2026-05-22T13:48:24.475505,AD,10.0.214.158,,,
EMP009,ROLE_CHANGE,2026-04-28T13:48:24.475511,AD,10.0.51.153,,,
EMP018,TOKEN_USE,2026-01-17T13:48:24.475517,Okta,10.0.24.63,,,
EMP023,TOKEN_USE,2026-02-27T13:48:24.475523,AD,10.0.111.194,,,
EMP029,ROLE_CHANGE,2026-02-11T13:48:24.475529,AWS,10.0.119.209,,,
SVC045,ACCESS,2026-01-23T13:48:24.475535,Okta,10.0.164.61,,,
EMP155,ROLE_CHANGE,2026-01-01T13:48:24.475541,Okta,10.0.113.106,,,
EMP154,ACCESS,2026-06-04T13:48:24.475550,Okta,10.0.89.161,,,
CTR019,TOKEN_USE,2026-06-07T13:48:24.475560,AWS,10.0.195.202,,,
SVC019,ACCESS,2025-12-23T13:48:24.475570,AWS,10.0.209.39,,,
EMP154,TOKEN_USE,2026-05-03T13:48:24.475578,Okta,10.0.242.62,,,
EMP116,ACCESS,2026-05-14T13:48:24.475587,AWS,10.0.29.144,,,
CTR012,TOKEN_USE,2026-01-28T13:48:24.475596,Okta,10.0.68.100,,,
EMP125,ACCESS,2026-04-28T13:48:24.475606,AWS,10.0.40.237,,,
CTR031,ACCESS,2026-05-27T13:48:24.475616,Okta,10.0.97.14,,,
EMP138,TOKEN_USE,2025-12-29T13:48:24.475626,Okta,10.0.20.224,,,
EMP038,ROLE_CHANGE,2026-01-20T13:48:24.475637,Okta,10.0.111.123,,,
EMP107,ACCESS,2026-04-03T13:48:24.475645,AD,10.0.108.240,,,
EMP098,LOGIN,2026-02-17T13:48:24.475651,AD,10.0.104.102,,,
EMP123,ACCESS,2026-04-08T13:48:24.475657,AWS,10.0.238.137,,,
EMP184,ACCESS,2026-04-14T13:48:24.475663,AWS,10.0.254.120,,,
EMP051,TOKEN_USE,2026-03-30T13:48:24.475669,AD,10.0.189.81,,,
CTR012,LOGIN,2026-01-26T13:48:24.475675,AD,10.0.74.5,,,
EMP134,TOKEN_USE,2026-04-05T13:48:24.475681,AD,10.0.100.85,,,
EMP118,TOKEN_USE,2026-01-25T13:48:24.475687,AD,10.0.255.141,,,
EMP173,ACCESS,2026-02-14T13:48:24.475693,Okta,10.0.251.118,,,
EMP087,ACCESS,2026-05-07T13:48:24.475699,AD,10.0.250.48,,,
SVC028,LOGIN,2026-02-05T13:48:24.475711,AD,10.0.38.242,,,
EMP025,LOGIN,2026-03-06T13:48:24.475722,AD,10.0.118.18,,,
EMP078,LOGIN,2026-04-25T13:48:24.475736,Okta,10.0.233.96,,,
EMP031,TOKEN_USE,2026-01-02T13:48:24.475742,AWS,10.0.8.2,,,
SVC023,TOKEN_USE,2026-06-16T13:48:24.475748,AD,10.0.140.138,,,
EMP147,LOGIN,2026-02-11T13:48:24.475754,Okta,10.0.220.207,,,
EMP092,LOGIN,2026-05-26T13:48:24.475760,Okta,10.0.76.62,,,
EMP099,ACCESS,2026-03-21T13:48:24.475766,AWS,10.0.203.21,,,
EMP192,TOKEN_USE,2026-02-22T13:48:24.475779,Okta,10.0.124.254,,,
EMP116,ACCESS,2025-12-26T13:48:24.475789,AD,10.0.16.24,,,
CTR008,TOKEN_USE,2026-03-15T13:48:24.475800,Okta,10.0.243.15,,,
EMP005,ROLE_CHANGE,2026-05-29T13:48:24.475809,AWS,10.0.222.166,,,
EMP170,LOGIN,2026-02-04T13:48:24.475820,AD,10.0.117.55,,,
SVC041,TOKEN_USE,2026-04-11T13:48:24.475827,AD,10.0.38.176,,,
EMP144,LOGIN,2026-05-05T13:48:24.475833,AWS,10.0.8.247,,,
EMP107,ROLE_CHANGE,2026-03-10T13:48:24.475839,AD,10.0.153.42,,,
SVC039,ROLE_CHANGE,2026-01-25T13:48:24.475845,AWS,10.0.169.99,,,
EMP072,LOGIN,2026-02-11T13:48:24.475855,Okta,10.0.177.14,,,
EMP051,TOKEN_USE,2026-04-21T13:48:24.475861,AD,10.0.174.155,,,
CTR004,ACCESS,2026-06-12T13:48:24.475867,Okta,10.0.139.201,,,
CTR031,TOKEN_USE,2026-04-22T13:48:24.475873,AWS,10.0.192.111,,,
EMP096,TOKEN_USE,2026-05-29T13:48:24.475879,Okta,10.0.151.205,,,
EMP127,LOGIN,2026-05-29T13:48:24.475884,AWS,10.0.78.98,,,
EMP079,TOKEN_USE,2026-03-30T13:48:24.475890,AWS,10.0.54.24,,,
EMP003,ACCESS,2026-02-26T13:48:24.475896,AWS,10.0.138.27,,,
EMP068,LOGIN,2026-05-03T13:48:24.475901,AWS,10.0.229.143,,,
SVC035,TOKEN_USE,2026-05-24T13:48:24.475908,AD,10.0.45.91,,,
SVC034,LOGIN,2026-01-18T13:48:24.475915,Okta,10.0.166.222,,,
EMP198,LOGIN,2026-04-06T13:48:24.475921,AWS,10.0.198.200,,,
EMP044,ROLE_CHANGE,2026-01-24T13:48:24.475928,Okta,10.0.86.176,,,
EMP195,ROLE_CHANGE,2026-05-15T13:48:24.475934,AWS,10.0.154.69,,,
SVC003,ROLE_CHANGE,2026-06-03T13:48:24.475939,AD,10.0.222.71,,,
CTR016,ACCESS,2026-02-16T13:48:24.475945,AD,10.0.184.65,,,
EMP127,TOKEN_USE,2026-01-18T13:48:24.475951,Okta,10.0.100.118,,,
EMP055,ROLE_CHANGE,2026-04-03T13:48:24.475956,AD,10.0.202.86,,,
EMP195,ACCESS,2026-02-27T13:48:24.475962,AWS,10.0.220.209,,,
EMP070,ACCESS,2026-03-29T13:48:24.475968,Okta,10.0.102.123,,,
EMP161,ROLE_CHANGE,2026-03-10T13:48:24.476134,AWS,10.0.149.189,,,
SVC002,ROLE_CHANGE,2026-03-28T13:48:24.476144,AWS,10.0.143.210,,,
CTR002,ACCESS,2026-05-21T13:48:24.476151,Okta,10.0.102.152,,,
SVC030,ROLE_CHANGE,2025-12-27T13:48:24.476157,Okta,10.0.13.244,,,
CTR037,ROLE_CHANGE,2026-02-27T13:48:24.476163,AWS,10.0.35.210,,,
CTR010,TOKEN_USE,2026-05-15T13:48:24.476170,Okta,10.0.155.62,,,
EMP130,ROLE_CHANGE,2026-03-03T13:48:24.476175,AWS,10.0.37.115,,,
CTR046,TOKEN_USE,2026-02-03T13:48:24.476181,Okta,10.0.214.140,,,
EMP019,ACCESS,2025-12-22T13:48:24.476188,Okta,10.0.43.28,,,
EMP128,ACCESS,2026-05-08T13:48:24.476194,Okta,10.0.22.145,,,
CTR005,ACCESS,2026-03-01T13:48:24.476200,AD,10.0.5.26,,,
EMP133,ROLE_CHANGE,2026-02-09T13:48:24.476206,Okta,10.0.113.115,,,
EMP192,TOKEN_USE,2026-02-21T13:48:24.476212,Okta,10.0.77.89,,,
EMP013,TOKEN_USE,2026-05-24T13:48:24.476218,AWS,10.0.212.236,,,
EMP044,LOGIN,2026-05-14T13:48:24.476224,AWS,10.0.159.88,,,
CTR034,ROLE_CHANGE,2026-02-06T13:48:24.476236,AWS,10.0.178.122,,,
EMP050,TOKEN_USE,2025-12-23T13:48:24.476246,AWS,10.0.163.18,,,
EMP154,LOGIN,2026-05-21T13:48:24.476255,AD,10.0.175.166,,,
EMP056,ROLE_CHANGE,2026-04-18T13:48:24.476261,Okta,10.0.89.142,,,
EMP082,ACCESS,2026-01-27T13:48:24.476266,AWS,10.0.236.60,,,
CTR008,ROLE_CHANGE,2026-05-03T13:48:24.476272,Okta,10.0.221.102,,,
EMP015,ROLE_CHANGE,2026-02-24T13:48:24.476278,Okta,10.0.219.100,,,
EMP003,ROLE_CHANGE,2026-04-28T13:48:24.476284,AWS,10.0.32.148,,,
EMP053,ROLE_CHANGE,2026-03-18T13:48:24.476290,AWS,10.0.100.118,,,
EMP059,ACCESS,2025-12-30T13:48:24.476296,AWS,10.0.160.153,,,
EMP199,TOKEN_USE,2026-01-20T13:48:24.476302,AD,10.0.178.91,,,
CTR035,ROLE_CHANGE,2025-12-29T13:48:24.476308,Okta,10.0.152.236,,,
EMP044,ROLE_CHANGE,2026-03-31T13:48:24.476314,AD,10.0.122.79,,,
EMP060,ROLE_CHANGE,2026-03-16T13:48:24.476321,Okta,10.0.72.131,,,
EMP199,TOKEN_USE,2026-01-18T13:48:24.476327,AD,10.0.196.109,,,
EMP096,TOKEN_USE,2026-01-08T13:48:24.476333,Okta,10.0.88.143,,,
EMP086,TOKEN_USE,2026-04-07T13:48:24.476339,AD,10.0.95.81,,,
CTR031,LOGIN,2026-03-20T13:48:24.476345,AD,10.0.248.35,,,
EMP100,TOKEN_USE,2026-01-27T13:48:24.476352,Okta,10.0.253.105,,,
SVC002,TOKEN_USE,2026-02-26T13:48:24.476358,AWS,10.0.85.22,,,
SVC040,LOGIN,2026-04-24T13:48:24.476364,AWS,10.0.16.71,,,
EMP116,ACCESS,2026-05-07T13:48:24.476370,AWS,10.0.253.141,,,
SVC012,LOGIN,2026-01-24T13:48:24.476376,AD,10.0.137.199,,,
SVC029,ACCESS,2026-02-01T13:48:24.476383,AD,10.0.225.140,,,
EMP112,TOKEN_USE,2026-05-24T13:48:24.476389,Okta,10.0.126.77,,,
EMP017,TOKEN_USE,2026-04-13T13:48:24.476395,AWS,10.0.44.113,,,
EMP061,ROLE_CHANGE,2026-04-27T13:48:24.476408,Okta,10.0.179.221,,,
CTR020,ROLE_CHANGE,2026-01-13T13:48:24.476418,AD,10.0.105.209,,,
EMP106,LOGIN,2026-01-25T13:48:24.476426,AWS,10.0.143.153,,,
SVC026,ROLE_CHANGE,2026-03-29T13:48:24.476435,Okta,10.0.149.75,,,
SVC044,ACCESS,2026-02-08T13:48:24.476443,Okta,10.0.48.35,,,
CTR011,LOGIN,2026-04-10T13:48:24.476453,Okta,10.0.64.180,,,
EMP068,ROLE_CHANGE,2026-05-13T13:48:24.476463,Okta,10.0.164.213,,,
EMP127,TOKEN_USE,2026-02-14T13:48:24.476472,AD,10.0.137.161,,,
CTR013,TOKEN_USE,2026-02-24T13:48:24.476482,AD,10.0.47.104,,,
SVC014,ACCESS,2025-12-24T13:48:24.476491,AWS,10.0.232.244,,,
CTR050,ACCESS,2026-01-22T13:48:24.476497,AD,10.0.47.188,,,
CTR035,ACCESS,2026-06-03T13:48:24.476510,Okta,10.0.203.56,,,
CTR020,ROLE_CHANGE,2026-02-13T13:48:24.476519,AWS,10.0.165.213,,,
EMP146,ACCESS,2026-01-30T13:48:24.476530,Okta,10.0.66.145,,,
CTR049,ACCESS,2025-12-27T13:48:24.476540,AD,10.0.23.26,,,
CTR036,LOGIN,2026-05-19T13:48:24.476551,AD,10.0.225.117,,,
EMP001,TOKEN_USE,2026-04-29T13:48:24.476562,Okta,10.0.67.226,,,
EMP155,ROLE_CHANGE,2026-04-10T13:48:24.476573,AD,10.0.184.65,,,
EMP043,ACCESS,2025-12-31T13:48:24.476585,Okta,10.0.84.14,,,
CTR003,ACCESS,2025-12-22T13:48:24.476591,AD,10.0.219.168,,,
EMP047,LOGIN,2026-06-19T13:48:24.476597,AD,10.0.244.20,,,
EMP068,ROLE_CHANGE,2026-02-07T13:48:24.476604,Okta,10.0.227.3,,,
EMP005,ACCESS,2026-05-20T13:48:24.476617,AWS,10.0.67.123,,,
EMP037,ROLE_CHANGE,2026-03-13T13:48:24.476628,AD,10.0.52.27,,,
EMP161,ACCESS,2026-04-04T13:48:24.476644,AD,10.0.195.199,,,
EMP069,ROLE_CHANGE,2026-06-02T13:48:24.476652,Okta,10.0.4.157,,,
EMP085,TOKEN_USE,2026-03-22T13:48:24.476660,Okta,10.0.109.161,,,
EMP078,TOKEN_USE,2026-01-13T13:48:24.476666,Okta,10.0.226.221,,,
EMP112,LOGIN,2026-05-25T13:48:24.476672,AD,10.0.63.151,,,
EMP197,ACCESS,2026-03-02T13:48:24.476678,AWS,10.0.71.64,,,
EMP142,LOGIN,2026-04-17T13:48:24.476684,Okta,10.0.145.200,,,
EMP014,ACCESS,2026-04-28T13:48:24.476690,Okta,10.0.96.192,,,
CTR001,ACCESS,2026-01-05T13:48:24.476696,AD,10.0.122.127,,,
EMP198,LOGIN,2026-04-19T13:48:24.476705,AWS,10.0.36.136,,,
EMP007,ACCESS,2026-03-30T13:48:24.476714,AD,10.0.198.221,,,
SVC042,TOKEN_USE,2026-03-18T13:48:24.476724,Okta,10.0.88.196,,,
CTR042,LOGIN,2026-06-15T13:48:24.476734,Okta,10.0.34.4,,,
EMP135,ROLE_CHANGE,2026-06-09T13:48:24.476742,AD,10.0.203.130,,,
EMP147,TOKEN_USE,2026-03-03T13:48:24.476751,Okta,10.0.205.22,,,
SVC025,ROLE_CHANGE,2026-04-09T13:48:24.476760,AD,10.0.158.21,,,
SVC012,ROLE_CHANGE,2026-05-11T13:48:24.476768,Okta,10.0.167.101,,,
EMP034,ACCESS,2025-12-23T13:48:24.476777,AWS,10.0.122.15,,,
EMP126,LOGIN,2026-02-28T13:48:24.476786,AD,10.0.232.157,,,
EMP029,ACCESS,2025-12-31T13:48:24.476796,Okta,10.0.89.31,,,
EMP007,ROLE_CHANGE,2025-12-22T13:48:24.476805,AD,10.0.83.128,,,
EMP178,ACCESS,2026-05-08T13:48:24.476815,AWS,10.0.64.192,,,
EMP138,LOGIN,2026-06-12T13:48:24.476825,AWS,10.0.219.70,,,
SVC019,LOGIN,2026-04-13T13:48:24.476835,Okta,10.0.39.128,,,
CTR034,ACCESS,2026-06-05T13:48:24.476846,AWS,10.0.85.95,,,
EMP081,ACCESS,2026-05-24T13:48:24.476855,Okta,10.0.59.59,,,
SVC011,LOGIN,2026-06-08T13:48:24.476865,AD,10.0.125.12,,,
CTR042,ACCESS,2026-03-13T13:48:24.476875,AD,10.0.91.239,,,
EMP019,TOKEN_USE,2026-04-23T13:48:24.476891,AWS,10.0.127.107,,,
EMP164,ACCESS,2026-05-31T13:48:24.476897,Okta,10.0.190.31,,,
SVC008,LOGIN,2026-05-05T13:48:24.476903,AD,10.0.23.245,,,
CTR006,LOGIN,2026-02-20T13:48:24.476909,AWS,10.0.159.84,,,
EMP045,TOKEN_USE,2026-06-17T13:48:24.476916,AWS,10.0.102.75,,,
SVC039,ACCESS,2026-01-11T13:48:24.476922,AD,10.0.237.95,,,
SVC003,ROLE_CHANGE,2026-01-31T13:48:24.476929,AD,10.0.77.2,,,
CTR010,LOGIN,2026-04-21T13:48:24.476935,Okta,10.0.177.163,,,
EMP005,ACCESS,2026-06-19T13:48:24.476941,Okta,10.0.192.218,,,
EMP158,LOGIN,2026-04-28T13:48:24.476947,Okta,10.0.121.108,,,
SVC002,LOGIN,2026-05-14T13:48:24.476953,Okta,10.0.143.24,,,
EMP023,ROLE_CHANGE,2026-02-06T13:48:24.476958,AWS,10.0.190.118,,,
EMP044,LOGIN,2026-02-10T13:48:24.476964,AD,10.0.201.20,,,
SVC041,LOGIN,2026-02-28T13:48:24.476971,Okta,10.0.66.61,,,
EMP150,ACCESS,2026-03-31T13:48:24.476976,AWS,10.0.167.82,,,
CTR032,ACCESS,2026-04-21T13:48:24.476982,AD,10.0.103.35,,,
SVC050,LOGIN,2026-05-11T13:48:24.476990,AD,10.0.84.116,,,
CTR039,ACCESS,2026-03-07T13:48:24.476996,AD,10.0.183.247,,,
EMP107,TOKEN_USE,2026-04-02T13:48:24.477002,AWS,10.0.135.219,,,
EMP062,LOGIN,2026-05-10T13:48:24.477007,Okta,10.0.155.212,,,
EMP021,ROLE_CHANGE,2026-03-28T13:48:24.477014,AD,10.0.46.183,,,
EMP128,ACCESS,2026-03-10T13:48:24.477021,Okta,10.0.25.174,,,
EMP154,ACCESS,2026-05-06T13:48:24.477027,AD,10.0.207.219,,,
CTR032,ROLE_CHANGE,2026-05-26T13:48:24.477032,AWS,10.0.52.206,,,
EMP072,LOGIN,2026-06-16T13:48:24.477038,AD,10.0.113.34,,,
EMP102,TOKEN_USE,2026-03-16T13:48:24.477044,Okta,10.0.43.150,,,
EMP133,LOGIN,2026-06-14T13:48:24.477050,AD,10.0.101.232,,,
CTR028,ROLE_CHANGE,2026-05-27T13:48:24.477056,AWS,10.0.62.11,,,
CTR037,LOGIN,2026-05-07T13:48:24.477062,Okta,10.0.221.211,,,
CTR003,TOKEN_USE,2026-06-12T13:48:24.477073,AWS,10.0.218.45,,,
EMP182,ROLE_CHANGE,2026-05-03T13:48:24.477083,AWS,10.0.143.115,,,
EMP077,LOGIN,2026-01-13T13:48:24.477129,Okta,10.0.125.166,,,
EMP152,TOKEN_USE,2026-03-06T13:48:24.477139,Okta,10.0.245.16,,,
EMP045,ACCESS,2026-03-13T13:48:24.477149,AD,10.0.214.52,,,
SVC020,ROLE_CHANGE,2026-01-09T13:48:24.477156,Okta,10.0.9.254,,,
EMP196,ACCESS,2026-02-17T13:48:24.477163,Okta,10.0.248.89,,,
SVC040,ACCESS,2026-03-12T13:48:24.477169,AWS,10.0.92.7,,,
EMP164,ROLE_CHANGE,2026-06-12T13:48:24.477175,AWS,10.0.29.208,,,
CTR042,ACCESS,2026-01-21T13:48:24.477183,AD,10.0.81.26,,,
EMP127,ROLE_CHANGE,2026-04-12T13:48:24.477189,Okta,10.0.28.196,,,
EMP113,TOKEN_USE,2026-03-21T13:48:24.477195,AD,10.0.90.61,,,
EMP163,ACCESS,2026-01-19T13:48:24.477201,AD,10.0.180.243,,,
SVC041,ROLE_CHANGE,2026-01-26T13:48:24.477207,AD,10.0.252.139,,,
EMP159,ROLE_CHANGE,2026-02-14T13:48:24.477213,AD,10.0.46.15,,,
EMP120,ROLE_CHANGE,2026-06-14T13:48:24.477219,Okta,10.0.244.1,,,
EMP170,ROLE_CHANGE,2026-05-17T13:48:24.477225,AWS,10.0.90.236,,,
EMP166,LOGIN,2026-06-14T13:48:24.477232,AD,10.0.72.199,,,
EMP057,ACCESS,2026-06-01T13:48:24.477244,AWS,10.0.202.151,,,
EMP052,ACCESS,2026-04-03T13:48:24.477254,AWS,10.0.69.250,,,
EMP081,TOKEN_USE,2026-01-07T13:48:24.477264,AWS,10.0.162.45,,,
SVC038,ACCESS,2026-04-23T13:48:24.477271,Okta,10.0.89.97,,,
EMP158,ACCESS,2026-05-18T13:48:24.477278,AD,10.0.0.243,,,
SVC044,TOKEN_USE,2026-01-25T13:48:24.477284,AD,10.0.93.155,,,
EMP163,ROLE_CHANGE,2026-01-07T13:48:24.477290,Okta,10.0.53.240,,,
SVC005,ROLE_CHANGE,2026-03-27T13:48:24.477296,Okta,10.0.39.61,,,
EMP178,ACCESS,2026-05-08T13:48:24.477302,Okta,10.0.45.211,,,
EMP172,TOKEN_USE,2026-06-17T13:48:24.477313,AWS,10.0.107.64,,,
EMP035,ACCESS,2026-04-15T13:48:24.477322,AD,10.0.0.13,,,
EMP198,TOKEN_USE,2026-03-04T13:48:24.477331,AD,10.0.211.127,,,
EMP194,ACCESS,2026-01-31T13:48:24.477338,AWS,10.0.51.213,,,
CTR046,ROLE_CHANGE,2026-05-09T13:48:24.477345,AWS,10.0.37.205,,,
EMP018,ACCESS,2026-06-14T13:48:24.477351,AWS,10.0.133.244,,,
EMP054,LOGIN,2026-03-24T13:48:24.477356,AD,10.0.192.42,,,
EMP039,LOGIN,2026-03-25T13:48:24.477362,Okta,10.0.247.181,,,
EMP016,TOKEN_USE,2026-01-03T13:48:24.477369,AD,10.0.222.41,,,
EMP028,LOGIN,2026-03-27T13:48:24.477375,AD,10.0.97.105,,,
SVC034,ACCESS,2026-01-01T13:48:24.477381,AWS,10.0.152.61,,,
EMP050,LOGIN,2026-03-11T13:48:24.477387,Okta,10.0.251.40,,,
EMP028,ACCESS,2026-06-19T13:48:24.477392,AWS,10.0.44.76,,,
CTR046,ROLE_CHANGE,2026-05-26T13:48:24.477398,AD,10.0.105.44,,,
EMP150,LOGIN,2026-02-18T13:48:24.477405,AD,10.0.157.201,,,
CTR004,TOKEN_USE,2026-02-14T13:48:24.477411,Okta,10.0.135.24,,,
SVC029,TOKEN_USE,2026-05-03T13:48:24.477423,AWS,10.0.195.95,,,
EMP096,TOKEN_USE,2026-06-08T13:48:24.477433,AWS,10.0.225.120,,,
EMP135,ROLE_CHANGE,2026-04-12T13:48:24.477443,Okta,10.0.31.39,,,
EMP050,LOGIN,2025-12-30T13:48:24.477449,AWS,10.0.211.249,,,
EMP117,LOGIN,2026-03-12T13:48:24.477455,Okta,10.0.214.248,,,
SVC025,TOKEN_USE,2026-01-24T13:48:24.477461,AD,10.0.243.77,,,
EMP041,TOKEN_USE,2026-06-11T13:48:24.477467,Okta,10.0.75.31,,,
CTR030,ROLE_CHANGE,2026-05-08T13:48:24.477479,AD,10.0.98.33,,,
EMP022,TOKEN_USE,2026-05-30T13:48:24.477490,Okta,10.0.222.52,,,
EMP076,ACCESS,2026-03-30T13:48:24.477500,Okta,10.0.34.23,,,
EMP199,TOKEN_USE,2026-01-29T13:48:24.477510,AWS,10.0.141.134,,,
CTR035,LOGIN,2025-12-22T13:48:24.477516,Okta,10.0.214.29,,,
CTR013,ROLE_CHANGE,2026-05-13T13:48:24.477522,Okta,10.0.51.237,,,
EMP055,LOGIN,2026-04-07T13:48:24.477529,Okta,10.0.176.225,,,
CTR011,ACCESS,2026-03-13T13:48:24.477535,Okta,10.0.248.147,,,
CTR043,LOGIN,2026-05-06T13:48:24.477540,AWS,10.0.206.37,,,
CTR006,LOGIN,2026-03-10T13:48:24.477546,AWS,10.0.121.13,,,
CTR044,ACCESS,2026-03-16T13:48:24.477553,AD,10.0.172.210,,,
EMP156,ACCESS,2026-04-09T13:48:24.477559,AWS,10.0.50.249,,,
EMP117,ROLE_CHANGE,2026-04-04T13:48:24.477565,Okta,10.0.226.199,,,
EMP165,ACCESS,2026-03-05T13:48:24.477571,Okta,10.0.45.49,,,
CTR027,ROLE_CHANGE,2026-03-07T13:48:24.477576,Okta,10.0.248.195,,,
SVC015,ACCESS,2026-06-05T13:48:24.477582,Okta,10.0.81.17,,,
EMP160,TOKEN_USE,2026-05-16T13:48:24.477588,Okta,10.0.14.45,,,
EMP099,ROLE_CHANGE,2026-06-05T13:48:24.477594,AD,10.0.16.117,,,
EMP026,ACCESS,2025-12-21T13:48:24.477600,AD,10.0.140.95,,,
CTR038,TOKEN_USE,2026-01-08T13:48:24.477606,AD,10.0.15.62,,,
EMP191,TOKEN_USE,2026-01-18T13:48:24.477612,AWS,10.0.90.246,,,
CTR043,ACCESS,2026-03-23T13:48:24.477618,AD,10.0.132.192,,,
EMP047,ACCESS,2026-06-12T13:48:24.477624,AWS,10.0.25.42,,,
SVC043,ROLE_CHANGE,2026-04-24T13:48:24.477648,Okta,10.0.115.174,,,
EMP106,ACCESS,2026-01-04T13:48:24.477654,AWS,10.0.10.222,,,
EMP005,TOKEN_USE,2026-05-17T13:48:24.477660,Okta,10.0.88.154,,,
EMP005,ROLE_CHANGE,2026-04-16T13:48:24.477666,Okta,10.0.156.183,,,
EMP141,TOKEN_USE,2026-03-15T13:48:24.477672,AWS,10.0.235.65,,,
EMP112,TOKEN_USE,2026-04-03T13:48:24.477677,Okta,10.0.203.150,,,
EMP053,LOGIN,2026-02-09T13:48:24.477685,Okta,10.0.191.144,,,
EMP145,ACCESS,2025-12-26T13:48:24.477691,AD,10.0.246.17,,,
EMP173,ACCESS,2026-01-07T13:48:24.477697,AWS,10.0.141.67,,,
EMP153,ROLE_CHANGE,2026-05-12T13:48:24.477703,Okta,10.0.123.231,,,
EMP030,TOKEN_USE,2026-01-01T13:48:24.477709,AWS,10.0.71.185,,,
EMP014,TOKEN_USE,2026-04-05T13:48:24.477714,AWS,10.0.214.104,,,
EMP199,LOGIN,2026-01-21T13:48:24.477720,Okta,10.0.97.88,,,
EMP114,TOKEN_USE,2025-12-30T13:48:24.477726,AWS,10.0.153.217,,,
EMP088,ROLE_CHANGE,2026-04-05T13:48:24.477732,AD,10.0.241.33,,,
EMP133,ROLE_CHANGE,2025-12-27T13:48:24.477738,AWS,10.0.45.57,,,
EMP182,ROLE_CHANGE,2026-04-02T13:48:24.477744,AWS,10.0.169.96,,,
EMP134,ACCESS,2026-02-21T13:48:24.477750,AD,10.0.240.14,,,
SVC049,LOGIN,2026-02-19T13:48:24.477756,AD,10.0.61.223,,,
EMP196,ACCESS,2026-03-06T13:48:24.477762,AD,10.0.77.36,,,
EMP103,ACCESS,2026-03-07T13:48:24.477768,Okta,10.0.234.37,,,
EMP162,ROLE_CHANGE,2026-05-30T13:48:24.477774,AWS,10.0.170.162,,,
EMP091,ACCESS,2026-01-08T13:48:24.477780,AD,10.0.2.116,,,
EMP141,ROLE_CHANGE,2026-05-07T13:48:24.477786,Okta,10.0.81.126,,,
EMP046,ROLE_CHANGE,2026-01-13T13:48:24.477793,AWS,10.0.219.104,,,
CTR020,TOKEN_USE,2026-03-13T13:48:24.477799,AD,10.0.19.137,,,
EMP103,ACCESS,2026-06-16T13:48:24.477804,AWS,10.0.97.5,,,
EMP003,ROLE_CHANGE,2026-04-23T13:48:24.477811,Okta,10.0.176.80,,,
EMP067,LOGIN,2026-03-13T13:48:24.477816,Okta,10.0.156.43,,,
EMP034,LOGIN,2026-04-04T13:48:24.477822,AWS,10.0.233.187,,,
SVC017,ACCESS,2026-02-28T13:48:24.477828,Okta,10.0.68.88,,,
SVC001,ACCESS,2026-05-02T13:48:24.477834,AD,10.0.206.5,,,
EMP117,ROLE_CHANGE,2026-05-17T13:48:24.477840,AD,10.0.11.151,,,
SVC009,ROLE_CHANGE,2026-05-19T13:48:24.477846,AWS,10.0.19.97,,,
EMP131,LOGIN,2026-01-18T13:48:24.477852,AD,10.0.55.168,,,
EMP011,LOGIN,2025-12-25T13:48:24.477858,AD,10.0.213.114,,,
EMP195,LOGIN,2026-01-30T13:48:24.477870,AWS,10.0.242.180,,,
EMP079,ROLE_CHANGE,2025-12-24T13:48:24.477879,Okta,10.0.4.78,,,
CTR016,LOGIN,2026-01-01T13:48:24.477888,Okta,10.0.138.160,,,
EMP071,TOKEN_USE,2026-05-24T13:48:24.477895,Okta,10.0.60.73,,,
EMP059,LOGIN,2026-02-12T13:48:24.477904,AD,10.0.102.200,,,
EMP135,ROLE_CHANGE,2026-03-20T13:48:24.477913,Okta,10.0.209.76,,,
EMP083,LOGIN,2026-01-30T13:48:24.477922,AWS,10.0.106.177,,,
CTR047,ACCESS,2026-04-20T13:48:24.477934,AD,10.0.6.172,,,
EMP046,LOGIN,2026-01-24T13:48:24.477943,Okta,10.0.252.39,,,
EMP047,LOGIN,2026-05-25T13:48:24.477949,AWS,10.0.118.117,,,
EMP152,ACCESS,2026-02-21T13:48:24.477955,AD,10.0.51.209,,,
EMP090,LOGIN,2026-04-06T13:48:24.477961,AWS,10.0.160.110,,,
EMP060,LOGIN,2026-06-08T13:48:24.477971,AD,10.0.70.170,,,
EMP088,ACCESS,2026-03-20T13:48:24.477981,AWS,10.0.137.225,,,
EMP048,ACCESS,2026-03-24T13:48:24.477991,AD,10.0.58.103,,,
CTR005,TOKEN_USE,2026-04-11T13:48:24.478000,AWS,10.0.244.205,,,
CTR016,ROLE_CHANGE,2026-05-22T13:48:24.478006,AD,10.0.30.252,,,
EMP082,LOGIN,2026-03-05T13:48:24.478012,Okta,10.0.247.206,,,
SVC042,TOKEN_USE,2026-05-04T13:48:24.478018,Okta,10.0.194.200,,,
EMP184,LOGIN,2025-12-26T13:48:24.478024,Okta,10.0.66.124,,,
CTR050,LOGIN,2026-03-06T13:48:24.478029,AWS,10.0.23.17,,,
EMP134,ACCESS,2026-06-16T13:48:24.478036,Okta,10.0.114.251,,,
EMP174,LOGIN,2026-03-01T13:48:24.478043,Okta,10.0.127.124,,,
EMP178,TOKEN_USE,2026-05-12T13:48:24.478049,Okta,10.0.27.3,,,
EMP081,TOKEN_USE,2026-02-13T13:48:24.478055,AD,10.0.38.193,,,
SVC002,ACCESS,2026-04-19T13:48:24.478061,AWS,10.0.142.13,,,
SVC010,ROLE_CHANGE,2026-01-30T13:48:24.478070,Okta,10.0.193.104,,,
EMP121,LOGIN,2026-02-22T13:48:24.478076,AWS,10.0.229.23,,,
SVC006,TOKEN_USE,2026-03-31T13:48:24.478082,AD,10.0.254.191,,,
EMP010,LOGIN,2026-03-08T13:48:24.478088,AWS,10.0.18.143,,,
SVC032,LOGIN,2026-05-27T13:48:24.478094,Okta,10.0.155.228,,,
SVC011,ROLE_CHANGE,2026-01-03T13:48:24.478100,Okta,10.0.233.244,,,
EMP175,ACCESS,2026-06-06T13:48:24.478107,AD,10.0.232.85,,,
SVC037,TOKEN_USE,2026-01-02T13:48:24.478113,AWS,10.0.231.30,,,
EMP050,ROLE_CHANGE,2026-06-19T13:48:24.478118,AWS,10.0.181.213,,,
EMP150,ACCESS,2025-12-22T13:48:24.478125,AD,10.0.23.230,,,
EMP085,TOKEN_USE,2026-05-15T13:48:24.478130,Okta,10.0.209.28,,,
EMP131,ROLE_CHANGE,2026-05-02T13:48:24.478136,AD,10.0.201.56,,,
CTR035,ROLE_CHANGE,2026-03-25T13:48:24.478146,AD,10.0.212.12,,,
EMP064,TOKEN_USE,2026-02-22T13:48:24.478157,Okta,10.0.68.247,,,
SVC006,LOGIN,2026-02-04T13:48:24.478166,Okta,10.0.24.142,,,
CTR022,TOKEN_USE,2026-02-09T13:48:24.478172,AD,10.0.88.188,,,
EMP066,LOGIN,2026-03-12T13:48:24.478178,Okta,10.0.164.130,,,
EMP197,TOKEN_USE,2026-01-15T13:48:24.478184,Okta,10.0.127.71,,,
CTR004,ACCESS,2026-04-05T13:48:24.478190,AWS,10.0.68.36,,,
CTR012,ACCESS,2025-12-22T13:48:24.478196,Okta,10.0.160.183,,,
SVC034,ROLE_CHANGE,2026-04-29T13:48:24.478202,AD,10.0.148.176,,,
EMP177,ROLE_CHANGE,2026-01-04T13:48:24.478207,AD,10.0.165.182,,,
EMP060,ACCESS,2026-01-27T13:48:24.478214,AWS,10.0.213.173,,,
SVC024,ACCESS,2026-03-03T13:48:24.478226,AD,10.0.54.7,,,
EMP196,ROLE_CHANGE,2026-06-06T13:48:24.478237,Okta,10.0.28.52,,,
EMP137,ROLE_CHANGE,2026-04-07T13:48:24.478246,Okta,10.0.128.38,,,
EMP032,ACCESS,2026-04-28T13:48:24.478252,Okta,10.0.16.92,,,
CTR032,LOGIN,2026-01-13T13:48:24.478262,Okta,10.0.114.191,,,
SVC038,TOKEN_USE,2026-04-20T13:48:24.478271,Okta,10.0.147.178,,,
EMP025,TOKEN_USE,2026-03-12T13:48:24.478287,AWS,10.0.160.248,,,
SVC033,LOGIN,2026-06-16T13:48:24.478299,Okta,10.0.128.52,,,
CTR027,ROLE_CHANGE,2026-01-08T13:48:24.478310,Okta,10.0.188.194,,,
SVC030,ROLE_CHANGE,2026-05-01T13:48:24.478320,AWS,10.0.229.46,,,
EMP039,ROLE_CHANGE,2026-05-06T13:48:24.478330,Okta,10.0.61.97,,,
EMP021,TOKEN_USE,2026-04-09T13:48:24.478343,Okta,10.0.135.34,,,
EMP083,ACCESS,2026-06-18T13:48:24.478352,AWS,10.0.238.182,,,
EMP080,LOGIN,2026-05-11T13:48:24.478362,AWS,10.0.26.199,,,
EMP155,TOKEN_USE,2026-01-24T13:48:24.478370,Okta,10.0.183.19,,,
EMP163,ROLE_CHANGE,2026-05-03T13:48:24.478376,Okta,10.0.34.202,,,
SVC009,ROLE_CHANGE,2026-03-05T13:48:24.478385,Okta,10.0.206.24,,,
EMP179,ROLE_CHANGE,2026-04-26T13:48:24.478395,Okta,10.0.169.85,,,
EMP185,ACCESS,2026-04-25T13:48:24.478411,Okta,10.0.243.144,,,
EMP005,LOGIN,2025-12-30T13:48:24.478419,AWS,10.0.228.62,,,
EMP125,LOGIN,2025-12-27T13:48:24.478425,AWS,10.0.195.235,,,
EMP059,TOKEN_USE,2026-04-15T13:48:24.478431,Okta,10.0.144.7,,,
SVC015,ACCESS,2026-02-08T13:48:24.478437,Okta,10.0.228.125,,,
EMP023,ACCESS,2026-01-04T13:48:24.478443,AD,10.0.164.132,,,
EMP043,LOGIN,2026-05-08T13:48:24.478449,Okta,10.0.3.161,,,
EMP034,ROLE_CHANGE,2025-12-30T13:48:24.478459,Okta,10.0.109.222,,,
CTR018,LOGIN,2026-04-28T13:48:24.478469,Okta,10.0.222.166,,,
EMP037,ROLE_CHANGE,2026-06-13T13:48:24.478479,AWS,10.0.169.10,,,
EMP045,LOGIN,2026-06-06T13:48:24.478488,AD,10.0.128.143,,,
EMP037,ROLE_CHANGE,2026-04-14T13:48:24.478499,AWS,10.0.198.116,,,
CTR008,TOKEN_USE,2026-03-31T13:48:24.478508,AD,10.0.199.173,,,
EMP061,LOGIN,2026-01-06T13:48:24.478518,Okta,10.0.32.194,,,
SVC050,LOGIN,2025-12-22T13:48:24.478528,AD,10.0.183.238,,,
SVC008,LOGIN,2026-04-06T13:48:24.478546,Okta,10.0.154.156,,,
EMP045,ACCESS,2026-02-27T13:48:24.478556,AWS,10.0.202.211,,,
EMP016,TOKEN_USE,2026-05-10T13:48:24.478567,Okta,10.0.112.35,,,
CTR001,ACCESS,2026-01-08T13:48:24.478581,AD,10.0.152.174,,,
EMP192,LOGIN,2026-01-29T13:48:24.478592,Okta,10.0.72.32,,,
EMP022,LOGIN,2026-01-24T13:48:24.478602,Okta,10.0.201.138,,,
SVC031,LOGIN,2026-04-02T13:48:24.478616,AD,10.0.176.55,,,
CTR012,ROLE_CHANGE,2026-05-09T13:48:24.478622,AD,10.0.113.158,,,
EMP130,ROLE_CHANGE,2026-05-21T13:48:24.478628,AD,10.0.27.218,,,
SVC032,TOKEN_USE,2026-01-05T13:48:24.478635,Okta,10.0.37.75,,,
EMP035,ACCESS,2026-05-25T13:48:24.478642,AD,10.0.249.244,,,
EMP170,ACCESS,2026-05-18T13:48:24.478648,Okta,10.0.120.26,,,
EMP146,LOGIN,2026-05-01T13:48:24.478654,AWS,10.0.248.116,,,
EMP169,ACCESS,2025-12-24T13:48:24.478660,Okta,10.0.78.145,,,
SVC041,ACCESS,2026-03-31T13:48:24.478666,AWS,10.0.86.2,,,
EMP161,ROLE_CHANGE,2026-04-24T13:48:24.478671,Okta,10.0.223.71,,,
EMP185,ROLE_CHANGE,2025-12-28T13:48:24.478677,Okta,10.0.169.225,,,
CTR046,TOKEN_USE,2026-02-25T13:48:24.478683,AWS,10.0.156.125,,,
SVC033,LOGIN,2026-05-06T13:48:24.478689,Okta,10.0.41.216,,,
EMP144,ROLE_CHANGE,2026-02-02T13:48:24.478695,AD,10.0.134.188,,,
EMP040,LOGIN,2026-06-15T13:48:24.478701,Okta,10.0.15.209,,,
SVC048,TOKEN_USE,2026-01-19T13:48:24.478712,AD,10.0.18.142,,,
EMP134,TOKEN_USE,2026-01-03T13:48:24.478722,AD,10.0.187.101,,,
EMP115,ACCESS,2026-05-16T13:48:24.478731,AWS,10.0.46.102,,,
EMP187,LOGIN,2026-01-01T13:48:24.478754,AD,10.0.84.194,,,
SVC014,ROLE_CHANGE,2026-02-25T13:48:24.478761,AD,10.0.91.145,,,
SVC040,ROLE_CHANGE,2026-02-16T13:48:24.478767,AWS,10.0.20.57,,,
CTR050,ROLE_CHANGE,2026-06-03T13:48:24.478773,AWS,10.0.189.60,,,
EMP022,ROLE_CHANGE,2026-02-07T13:48:24.478778,AWS,10.0.198.121,,,
CTR033,LOGIN,2026-06-09T13:48:24.478784,Okta,10.0.165.27,,,
SVC017,ACCESS,2026-04-13T13:48:24.478790,Okta,10.0.89.97,,,
EMP194,ACCESS,2026-01-20T13:48:24.478796,Okta,10.0.39.133,,,
EMP129,TOKEN_USE,2026-04-23T13:48:24.478802,Okta,10.0.207.91,,,
EMP177,TOKEN_USE,2026-02-16T13:48:24.478808,Okta,10.0.3.129,,,
EMP072,TOKEN_USE,2026-05-08T13:48:24.478814,AD,10.0.39.132,,,
EMP144,ROLE_CHANGE,2026-05-12T13:48:24.478819,AD,10.0.80.93,,,
EMP061,ROLE_CHANGE,2026-03-05T13:48:24.478825,AWS,10.0.58.124,,,
CTR046,TOKEN_USE,2026-04-27T13:48:24.478831,Okta,10.0.82.166,,,
CTR011,LOGIN,2026-04-18T13:48:24.478837,AD,10.0.65.147,,,
EMP083,ROLE_CHANGE,2026-01-09T13:48:24.478843,Okta,10.0.20.229,,,
SVC044,ROLE_CHANGE,2026-06-05T13:48:24.478848,AD,10.0.132.237,,,
EMP093,TOKEN_USE,2026-01-17T13:48:24.478854,Okta,10.0.9.225,,,
EMP146,LOGIN,2026-04-25T13:48:24.478862,AWS,10.0.241.223,,,
CTR047,ROLE_CHANGE,2026-04-24T13:48:24.478867,AWS,10.0.73.204,,,
SVC049,ROLE_CHANGE,2026-01-11T13:48:24.478873,Okta,10.0.135.43,,,
EMP176,TOKEN_USE,2026-01-18T13:48:24.478879,Okta,10.0.35.59,,,
EMP194,TOKEN_USE,2026-05-17T13:48:24.478885,AD,10.0.8.52,,,
SVC018,TOKEN_USE,2026-05-12T13:48:24.478890,Okta,10.0.49.46,,,
CTR044,LOGIN,2026-02-03T13:48:24.478896,Okta,10.0.60.24,,,
CTR047,ROLE_CHANGE,2026-01-16T13:48:24.478902,Okta,10.0.0.230,,,
CTR021,TOKEN_USE,2026-03-17T13:48:24.478909,AD,10.0.219.59,,,
CTR047,TOKEN_USE,2026-03-22T13:48:24.478915,Okta,10.0.50.109,,,
EMP069,ACCESS,2026-02-17T13:48:24.478921,AD,10.0.42.73,,,
SVC029,TOKEN_USE,2026-04-15T13:48:24.478927,AD,10.0.2.182,,,
EMP004,LOGIN,2026-02-06T13:48:24.478933,AD,10.0.192.168,,,
EMP106,ACCESS,2026-03-07T13:48:24.478945,AWS,10.0.54.40,,,
CTR019,ACCESS,2026-04-14T13:48:24.478954,Okta,10.0.216.145,,,
EMP188,ACCESS,2025-12-27T13:48:24.478962,AWS,10.0.104.106,,,
SVC033,TOKEN_USE,2026-05-05T13:48:24.478968,AWS,10.0.247.65,,,
EMP158,ACCESS,2025-12-21T13:48:24.478974,AWS,10.0.70.219,,,
EMP061,ROLE_CHANGE,2026-02-25T13:48:24.478981,Okta,10.0.82.26,,,
EMP110,TOKEN_USE,2026-03-25T13:48:24.478987,Okta,10.0.26.42,,,
EMP200,LOGIN,2026-05-27T13:48:24.478993,AD,10.0.241.238,,,
CTR023,LOGIN,2026-06-03T13:48:24.478999,AWS,10.0.113.95,,,
EMP041,LOGIN,2026-03-13T13:48:24.479004,AWS,10.0.146.183,,,
EMP030,ROLE_CHANGE,2026-01-07T13:48:24.479011,AWS,10.0.224.3,,,
EMP104,ACCESS,2026-05-01T13:48:24.479017,AD,10.0.118.158,,,
EMP087,LOGIN,2026-03-19T13:48:24.479027,AD,10.0.0.250,,,
EMP081,LOGIN,2026-04-10T13:48:24.479033,AWS,10.0.180.172,,,
CTR003,TOKEN_USE,2026-01-20T13:48:24.479038,AD,10.0.7.189,,,
EMP036,LOGIN,2026-01-30T13:48:24.479047,AWS,10.0.178.89,,,
EMP142,ROLE_CHANGE,2026-01-15T13:48:24.479054,AD,10.0.232.239,,,
CTR007,LOGIN,2026-04-14T13:48:24.479059,AD,10.0.208.130,,,
EMP055,LOGIN,2026-02-11T13:48:24.479065,AWS,10.0.174.243,,,
EMP060,ACCESS,2026-02-02T13:48:24.479072,Okta,10.0.128.178,,,
CTR027,TOKEN_USE,2026-01-26T13:48:24.479078,AWS,10.0.124.194,,,
EMP174,TOKEN_USE,2025-12-27T13:48:24.479084,AWS,10.0.14.124,,,
EMP060,ACCESS,2026-06-02T13:48:24.479090,AWS,10.0.112.174,,,
EMP118,ACCESS,2026-03-06T13:48:24.479095,AWS,10.0.4.180,,,
EMP135,ROLE_CHANGE,2026-04-07T13:48:24.479101,AD,10.0.204.173,,,
EMP176,LOGIN,2026-01-29T13:48:24.479109,AD,10.0.243.81,,,
EMP182,ROLE_CHANGE,2026-01-24T13:48:24.479115,AWS,10.0.93.243,,,
EMP098,TOKEN_USE,2026-04-29T13:48:24.479121,AD,10.0.123.224,,,
EMP136,ROLE_CHANGE,2026-04-22T13:48:24.479127,AD,10.0.127.215,,,
EMP183,ROLE_CHANGE,2026-05-23T13:48:24.479133,AD,10.0.40.174,,,
SVC003,LOGIN,2026-02-01T13:48:24.479139,AD,10.0.246.96,,,
EMP162,TOKEN_USE,2026-01-23T13:48:24.479145,AWS,10.0.251.47,,,
SVC012,ACCESS,2026-03-10T13:48:24.479151,AD,10.0.65.14,,,
SVC020,TOKEN_USE,2026-02-17T13:48:24.479157,Okta,10.0.16.129,,,
EMP178,TOKEN_USE,2025-12-26T13:48:24.479163,AD,10.0.234.250,,,
EMP062,TOKEN_USE,2026-03-31T13:48:24.479168,Okta,10.0.4.4,,,
EMP108,TOKEN_USE,2026-01-22T13:48:24.479174,AD,10.0.166.93,,,
EMP133,ROLE_CHANGE,2026-01-30T13:48:24.479180,AWS,10.0.121.69,,,
CTR042,ACCESS,2026-03-18T13:48:24.479185,AD,10.0.255.109,,,
EMP108,TOKEN_USE,2025-12-22T13:48:24.479191,AWS,10.0.186.219,,,
CTR006,ACCESS,2026-02-24T13:48:24.479197,AD,10.0.67.251,,,
SVC045,ROLE_CHANGE,2026-05-25T13:48:24.479203,Okta,10.0.138.206,,,
EMP121,TOKEN_USE,2026-03-14T13:48:24.479208,AD,10.0.74.205,,,
EMP077,TOKEN_USE,2026-06-17T13:48:24.479214,AD,10.0.215.128,,,
EMP069,ACCESS,2026-02-15T13:48:24.479226,AWS,10.0.128.144,,,
SVC041,LOGIN,2026-03-10T13:48:24.479237,AD,10.0.83.16,,,
EMP111,ACCESS,2026-02-18T13:48:24.479255,Okta,10.0.49.116,,,
EMP172,ACCESS,2026-03-19T13:48:24.479262,AWS,10.0.131.89,,,
EMP011,TOKEN_USE,2026-05-19T13:48:24.479268,AWS,10.0.101.148,,,
SVC045,ROLE_CHANGE,2026-04-08T13:48:24.479274,AWS,10.0.166.173,,,
SVC012,TOKEN_USE,2026-02-25T13:48:24.479280,AD,10.0.195.158,,,
EMP147,TOKEN_USE,2026-01-09T13:48:24.479287,AD,10.0.85.164,,,
EMP173,TOKEN_USE,2026-01-09T13:48:24.479293,Okta,10.0.207.218,,,
EMP037,LOGIN,2026-05-09T13:48:24.479299,AWS,10.0.116.81,,,
EMP163,ACCESS,2026-04-12T13:48:24.479309,Okta,10.0.202.70,,,
CTR028,ACCESS,2026-01-20T13:48:24.479315,Okta,10.0.230.106,,,
EMP086,ROLE_CHANGE,2026-06-14T13:48:24.479320,AD,10.0.120.170,,,
EMP129,LOGIN,2026-04-27T13:48:24.479326,AD,10.0.203.27,,,
EMP049,LOGIN,2026-02-18T13:48:24.479332,Okta,10.0.27.7,,,
CTR004,LOGIN,2026-05-24T13:48:24.479338,AWS,10.0.79.22,,,
EMP200,ACCESS,2026-04-22T13:48:24.479344,AD,10.0.145.114,,,
EMP065,ROLE_CHANGE,2026-02-05T13:48:24.479349,AD,10.0.14.9,,,
EMP183,ACCESS,2026-02-18T13:48:24.479355,AWS,10.0.139.141,,,
CTR028,ROLE_CHANGE,2025-12-23T13:48:24.479361,Okta,10.0.90.152,,,
CTR034,TOKEN_USE,2026-02-05T13:48:24.479367,Okta,10.0.158.233,,,
EMP178,TOKEN_USE,2026-02-01T13:48:24.479373,AD,10.0.45.114,,,
EMP158,ACCESS,2026-03-06T13:48:24.479382,AWS,10.0.79.78,,,
EMP006,LOGIN,2026-02-06T13:48:24.479388,AD,10.0.176.74,,,
CTR041,LOGIN,2025-12-25T13:48:24.479399,AWS,10.0.244.77,,,
EMP005,TOKEN_USE,2026-04-06T13:48:24.479410,Okta,10.0.118.204,,,
EMP004,ACCESS,2026-05-02T13:48:24.479418,AWS,10.0.223.102,,,
EMP128,ROLE_CHANGE,2026-01-05T13:48:24.479424,AWS,10.0.193.57,,,
EMP135,LOGIN,2026-03-03T13:48:24.479430,Okta,10.0.122.133,,,
EMP140,ACCESS,2026-01-04T13:48:24.479436,Okta,10.0.137.106,,,
EMP097,LOGIN,2026-05-04T13:48:24.479442,AD,10.0.148.29,,,
CTR034,TOKEN_USE,2026-04-11T13:48:24.479449,Okta,10.0.251.49,,,
EMP165,LOGIN,2026-05-12T13:48:24.479455,AD,10.0.11.48,,,
EMP053,ACCESS,2026-04-12T13:48:24.479461,AD,10.0.224.187,,,
EMP005,ROLE_CHANGE,2026-05-27T13:48:24.479467,AD,10.0.7.127,,,
EMP112,ACCESS,2026-03-04T13:48:24.479472,AWS,10.0.255.96,,,
CTR038,LOGIN,2026-03-27T13:48:24.479478,AD,10.0.74.15,,,
EMP137,TOKEN_USE,2026-06-01T13:48:24.479484,Okta,10.0.240.47,,,
EMP099,ACCESS,2026-03-14T13:48:24.479490,AD,10.0.62.250,,,
EMP128,TOKEN_USE,2026-02-26T13:48:24.479497,AD,10.0.17.51,,,
CTR036,LOGIN,2026-02-06T13:48:24.479503,Okta,10.0.106.122,,,
EMP200,ACCESS,2026-03-29T13:48:24.479509,AD,10.0.21.191,,,
SVC032,LOGIN,2026-04-16T13:48:24.479515,AWS,10.0.152.51,,,
EMP185,LOGIN,2025-12-31T13:48:24.479520,AD,10.0.57.61,,,
CTR023,ACCESS,2026-06-16T13:48:24.479526,AD,10.0.141.150,,,
EMP062,TOKEN_USE,2026-04-18T13:48:24.479532,AD,10.0.21.149,,,
CTR044,ROLE_CHANGE,2026-03-16T13:48:24.479538,AD,10.0.127.41,,,
SVC006,LOGIN,2025-12-26T13:48:24.479543,Okta,10.0.173.239,,,
EMP031,LOGIN,2026-03-20T13:48:24.479549,Okta,10.0.78.180,,,
SVC025,LOGIN,2026-05-18T13:48:24.479555,AWS,10.0.119.82,,,
SVC036,ACCESS,2026-02-27T13:48:24.479561,Okta,10.0.98.6,,,
EMP194,ACCESS,2026-05-16T13:48:24.479567,AWS,10.0.20.125,,,
CTR025,ACCESS,2026-02-01T13:48:24.479576,Okta,10.0.250.49,,,
SVC041,ROLE_CHANGE,2026-01-31T13:48:24.479586,AWS,10.0.165.188,,,
CTR040,ACCESS,2026-01-17T13:48:24.479596,Okta,10.0.82.18,,,
SVC022,ROLE_CHANGE,2026-02-24T13:48:24.479606,AWS,10.0.134.139,,,
EMP188,TOKEN_USE,2026-06-19T13:48:24.479615,Okta,10.0.194.188,,,
EMP095,LOGIN,2026-01-12T13:48:24.479621,AWS,10.0.122.83,,,
EMP033,TOKEN_USE,2026-05-02T13:48:24.479628,Okta,10.0.254.197,,,
SVC033,ROLE_CHANGE,2026-01-14T13:48:24.479633,AWS,10.0.165.105,,,
EMP165,LOGIN,2026-05-26T13:48:24.479639,Okta,10.0.34.12,,,
EMP067,ROLE_CHANGE,2026-06-11T13:48:24.479645,AD,10.0.54.125,,,
EMP099,LOGIN,2026-06-11T13:48:24.479657,Okta,10.0.198.169,,,
SVC001,ACCESS,2026-06-07T13:48:24.479668,AWS,10.0.113.156,,,
EMP037,LOGIN,2026-04-27T13:48:24.479678,Okta,10.0.251.238,,,
EMP041,TOKEN_USE,2026-01-07T13:48:24.479688,AD,10.0.184.143,,,
CTR013,ACCESS,2026-06-05T13:48:24.479694,Okta,10.0.136.136,,,
EMP021,LOGIN,2026-04-03T13:48:24.479700,AD,10.0.110.246,,,
SVC016,LOGIN,2026-05-25T13:48:24.479706,Okta,10.0.118.137,,,
EMP198,ROLE_CHANGE,2026-05-01T13:48:24.479711,Okta,10.0.127.146,,,
EMP092,TOKEN_USE,2026-05-23T13:48:24.479717,Okta,10.0.183.173,,,
CTR035,TOKEN_USE,2026-05-24T13:48:24.479724,AD,10.0.92.141,,,
CTR006,ACCESS,2026-01-02T13:48:24.479730,AD,10.0.226.239,,,
EMP181,ACCESS,2026-01-30T13:48:24.479740,AWS,10.0.190.106,,,
CTR021,ACCESS,2026-01-15T13:48:24.479747,AD,10.0.109.97,,,
SVC032,ACCESS,2026-03-19T13:48:24.479753,AWS,10.0.229.246,,,
CTR004,LOGIN,2026-06-11T13:48:24.479760,AWS,10.0.8.133,,,
EMP070,ACCESS,2026-06-18T13:48:24.479766,AWS,10.0.113.55,,,
EMP162,LOGIN,2025-12-25T13:48:24.479772,AWS,10.0.79.25,,,
EMP020,TOKEN_USE,2026-03-20T13:48:24.479779,AD,10.0.70.68,,,
EMP188,ROLE_CHANGE,2026-04-21T13:48:24.479785,AWS,10.0.153.24,,,
SVC043,TOKEN_USE,2026-01-25T13:48:24.479790,AD,10.0.39.186,,,
EMP167,TOKEN_USE,2026-05-06T13:48:24.479796,AWS,10.0.48.153,,,
EMP154,LOGIN,2026-01-23T13:48:24.479802,AWS,10.0.40.200,,,
EMP029,ACCESS,2026-03-22T13:48:24.479809,AWS,10.0.213.239,,,
EMP062,ROLE_CHANGE,2026-01-03T13:48:24.479814,Okta,10.0.5.163,,,
EMP196,LOGIN,2026-04-02T13:48:24.479820,Okta,10.0.21.82,,,
SVC027,ROLE_CHANGE,2026-03-28T13:48:24.479826,Okta,10.0.113.40,,,
EMP026,TOKEN_USE,2026-02-25T13:48:24.479832,Okta,10.0.46.57,,,
CTR022,ACCESS,2026-03-11T13:48:24.479838,AD,10.0.67.87,,,
EMP043,TOKEN_USE,2026-01-24T13:48:24.479844,Okta,10.0.25.141,,,
CTR005,ACCESS,2026-05-29T13:48:24.479849,AWS,10.0.222.199,,,
EMP067,ROLE_CHANGE,2026-02-16T13:48:24.479855,Okta,10.0.101.125,,,
CTR003,ROLE_CHANGE,2026-01-27T13:48:24.479861,Okta,10.0.126.63,,,
EMP037,ACCESS,2026-03-01T13:48:24.479867,AWS,10.0.45.29,,,
CTR012,TOKEN_USE,2026-03-18T13:48:24.479874,AWS,10.0.97.83,,,
EMP177,LOGIN,2026-04-02T13:48:24.479885,AD,10.0.179.158,,,
CTR027,ROLE_CHANGE,2026-02-27T13:48:24.479891,AD,10.0.119.52,,,
EMP192,ROLE_CHANGE,2026-05-29T13:48:24.479897,AD,10.0.27.63,,,
EMP076,ACCESS,2026-06-16T13:48:24.479903,AWS,10.0.56.79,,,
CTR031,TOKEN_USE,2026-06-14T13:48:24.479910,AWS,10.0.107.190,,,
SVC026,ROLE_CHANGE,2026-04-28T13:48:24.479915,Okta,10.0.132.141,,,
CTR048,ROLE_CHANGE,2025-12-24T13:48:24.479921,Okta,10.0.9.97,,,
SVC049,LOGIN,2026-04-15T13:48:24.479928,AD,10.0.30.73,,,
EMP103,ACCESS,2026-06-06T13:48:24.479934,AWS,10.0.4.18,,,
EMP199,ACCESS,2026-01-01T13:48:24.479940,Okta,10.0.184.222,,,
EMP056,LOGIN,2026-04-06T13:48:24.479946,Okta,10.0.197.60,,,
EMP195,LOGIN,2026-03-31T13:48:24.479951,AWS,10.0.45.48,,,
EMP102,TOKEN_USE,2026-01-27T13:48:24.479958,Okta,10.0.11.11,,,
EMP127,ACCESS,2026-03-26T13:48:24.479964,AWS,10.0.201.191,,,
EMP081,LOGIN,2026-03-23T13:48:24.479969,Okta,10.0.180.91,,,
EMP155,ROLE_CHANGE,2026-02-11T13:48:24.479975,AWS,10.0.31.161,,,
EMP132,TOKEN_USE,2026-06-12T13:48:24.479981,Okta,10.0.143.58,,,
EMP078,ACCESS,2026-03-11T13:48:24.479987,Okta,10.0.70.23,,,
EMP196,ROLE_CHANGE,2026-03-05T13:48:24.479993,AD,10.0.78.110,,,
EMP160,ACCESS,2026-02-25T13:48:24.479999,Okta,10.0.67.53,,,
EMP071,ROLE_CHANGE,2026-05-15T13:48:24.480005,AWS,10.0.69.111,,,
EMP075,ROLE_CHANGE,2026-03-30T13:48:24.480017,AD,10.0.60.48,,,
EMP163,ROLE_CHANGE,2026-06-12T13:48:24.480027,AWS,10.0.211.247,,,
CTR011,ACCESS,2026-02-26T13:48:24.480037,Okta,10.0.140.39,,,
EMP097,LOGIN,2026-05-17T13:48:24.480047,AD,10.0.13.196,,,
EMP137,ROLE_CHANGE,2026-01-18T13:48:24.480068,AD,10.0.118.176,,,
EMP014,ACCESS,2026-05-30T13:48:24.480074,Okta,10.0.244.35,,,
SVC008,TOKEN_USE,2026-01-04T13:48:24.480079,AWS,10.0.94.219,,,
EMP199,TOKEN_USE,2026-02-18T13:48:24.480089,AD,10.0.83.50,,,
EMP116,LOGIN,2026-03-07T13:48:24.480095,AD,10.0.138.244,,,
CTR012,ROLE_CHANGE,2025-12-30T13:48:24.480101,AD,10.0.104.17,,,
EMP091,TOKEN_USE,2026-01-13T13:48:24.480107,AWS,10.0.166.222,,,
CTR035,ROLE_CHANGE,2026-03-02T13:48:24.480116,AWS,10.0.21.156,,,
EMP195,ACCESS,2026-03-11T13:48:24.480122,Okta,10.0.19.134,,,
EMP056,TOKEN_USE,2026-02-23T13:48:24.480129,AD,10.0.125.133,,,
SVC026,TOKEN_USE,2026-06-09T13:48:24.480135,Okta,10.0.198.133,,,
EMP026,ROLE_CHANGE,2026-04-06T13:48:24.480141,AWS,10.0.203.227,,,
EMP156,ACCESS,2026-02-21T13:48:24.480146,AD,10.0.216.76,,,
EMP028,ROLE_CHANGE,2026-02-21T13:48:24.480152,Okta,10.0.231.24,,,
SVC007,LOGIN,2026-05-04T13:48:24.480159,Okta,10.0.69.101,,,
CTR012,ACCESS,2026-02-24T13:48:24.480165,AD,10.0.91.117,,,
EMP104,TOKEN_USE,2026-05-27T13:48:24.480171,AWS,10.0.165.178,,,
EMP084,LOGIN,2026-05-27T13:48:24.480177,AD,10.0.230.163,,,
EMP186,LOGIN,2026-02-05T13:48:24.480183,Okta,10.0.196.187,,,
SVC012,ROLE_CHANGE,2026-03-15T13:48:24.480189,Okta,10.0.194.12,,,
EMP088,ACCESS,2026-01-26T13:48:24.480195,Okta,10.0.76.42,,,
EMP075,ROLE_CHANGE,2026-06-06T13:48:24.480200,AWS,10.0.157.80,,,
CTR029,ACCESS,2026-01-10T13:48:24.480206,AD,10.0.60.231,,,
EMP068,ROLE_CHANGE,2026-06-19T13:48:24.480212,Okta,10.0.129.4,,,
CTR035,TOKEN_USE,2026-02-12T13:48:24.480218,Okta,10.0.2.156,,,
SVC003,ROLE_CHANGE,2026-04-25T13:48:24.480224,Okta,10.0.243.117,,,
CTR010,TOKEN_USE,2026-05-30T13:48:24.480229,Okta,10.0.3.63,,,
SVC031,ACCESS,2026-01-12T13:48:24.480235,Okta,10.0.106.13,,,
EMP095,ROLE_CHANGE,2026-06-05T13:48:24.480251,Okta,10.0.178.10,,,
EMP075,LOGIN,2025-12-31T13:48:24.480258,Okta,10.0.152.85,,,
EMP045,LOGIN,2026-05-23T13:48:24.480263,AWS,10.0.91.42,,,
EMP146,ROLE_CHANGE,2026-02-23T13:48:24.480270,Okta,10.0.184.239,,,
EMP019,LOGIN,2026-04-04T13:48:24.480275,AWS,10.0.188.230,,,
EMP195,LOGIN,2026-03-02T13:48:24.480286,Okta,10.0.33.75,,,
CTR042,ROLE_CHANGE,2026-05-19T13:48:24.480295,Okta,10.0.140.85,,,
SVC020,TOKEN_USE,2026-02-05T13:48:24.480303,AD,10.0.107.157,,,
EMP030,LOGIN,2026-01-24T13:48:24.480313,Okta,10.0.44.124,,,
EMP148,TOKEN_USE,2026-01-15T13:48:24.480323,AWS,10.0.132.135,,,
SVC045,ACCESS,2026-05-17T13:48:24.480329,Okta,10.0.254.134,,,
SVC005,TOKEN_USE,2026-05-04T13:48:24.480338,Okta,10.0.119.182,,,
EMP149,ROLE_CHANGE,2026-06-19T13:48:24.480344,AD,10.0.12.120,,,
EMP061,ROLE_CHANGE,2026-01-13T13:48:24.480350,AWS,10.0.211.12,,,
EMP171,ACCESS,2026-01-27T13:48:24.480356,Okta,10.0.108.3,,,
EMP104,ACCESS,2026-04-15T13:48:24.480362,AD,10.0.157.77,,,
SVC010,ACCESS,2026-06-18T13:48:24.480368,AD,10.0.170.88,,,
CTR003,LOGIN,2026-05-06T13:48:24.480374,AD,10.0.169.214,,,
EMP174,TOKEN_USE,2026-02-18T13:48:24.480381,AD,10.0.69.124,,,
EMP080,TOKEN_USE,2026-02-02T13:48:24.480387,AWS,10.0.236.201,,,
CTR012,LOGIN,2026-02-06T13:48:24.480393,AWS,10.0.161.143,,,
SVC025,LOGIN,2026-04-27T13:48:24.480399,Okta,10.0.169.205,,,
EMP182,LOGIN,2026-05-12T13:48:24.480405,AWS,10.0.15.87,,,
EMP193,ROLE_CHANGE,2026-01-24T13:48:24.480411,Okta,10.0.199.48,,,
EMP060,ACCESS,2025-12-21T13:48:24.480417,AWS,10.0.16.70,,,
CTR012,LOGIN,2026-02-12T13:48:24.480423,AD,10.0.190.116,,,
EMP155,ROLE_CHANGE,2026-02-05T13:48:24.480431,AWS,10.0.89.29,,,
EMP192,LOGIN,2026-04-29T13:48:24.480438,AD,10.0.227.130,,,
EMP013,TOKEN_USE,2026-02-11T13:48:24.480444,AD,10.0.97.88,,,
CTR048,ACCESS,2026-03-28T13:48:24.480450,AD,10.0.50.211,,,
SVC015,ROLE_CHANGE,2026-04-28T13:48:24.480456,Okta,10.0.18.118,,,
EMP199,LOGIN,2026-06-18T13:48:24.480461,AWS,10.0.22.176,,,
EMP045,ACCESS,2026-02-20T13:48:24.480470,AD,10.0.52.134,,,
EMP160,LOGIN,2026-01-23T13:48:24.480476,AWS,10.0.107.83,,,
EMP103,ROLE_CHANGE,2026-04-07T13:48:24.480482,AWS,10.0.163.198,,,
CTR026,LOGIN,2026-04-11T13:48:24.480492,AD,10.0.80.71,,,
EMP059,LOGIN,2026-01-11T13:48:24.480502,Okta,10.0.52.53,,,
SVC028,ACCESS,2026-01-30T13:48:24.480511,AWS,10.0.138.37,,,
EMP146,ROLE_CHANGE,2026-05-07T13:48:24.480518,AD,10.0.159.157,,,
EMP174,TOKEN_USE,2026-06-07T13:48:24.480523,AD,10.0.14.121,,,
EMP026,LOGIN,2026-03-13T13:48:24.480535,AD,10.0.44.110,,,
CTR001,ROLE_CHANGE,2025-12-21T13:48:24.480544,Okta,10.0.228.158,,,
EMP183,ACCESS,2026-03-26T13:48:24.480555,AD,10.0.40.250,,,
CTR039,ROLE_CHANGE,2026-05-27T13:48:24.480567,Okta,10.0.239.25,,,
CTR034,ACCESS,2025-12-26T13:48:24.480573,Okta,10.0.238.121,,,
EMP119,ROLE_CHANGE,2026-05-14T13:48:24.480579,Okta,10.0.132.234,,,
EMP187,TOKEN_USE,2026-05-04T13:48:24.480585,Okta,10.0.169.202,,,
EMP167,TOKEN_USE,2026-02-15T13:48:24.480591,AD,10.0.33.122,,,
EMP058,ACCESS,2026-02-17T13:48:24.480596,AWS,10.0.87.73,,,
EMP179,ROLE_CHANGE,2026-02-09T13:48:24.480602,AD,10.0.207.210,,,
EMP055,ACCESS,2026-01-28T13:48:24.480609,Okta,10.0.36.203,,,
EMP155,TOKEN_USE,2026-03-09T13:48:24.480615,Okta,10.0.211.62,,,
EMP125,ROLE_CHANGE,2026-02-16T13:48:24.480620,AWS,10.0.33.88,,,
EMP107,TOKEN_USE,2026-02-28T13:48:24.480626,Okta,10.0.175.140,,,
EMP121,ROLE_CHANGE,2026-01-01T13:48:24.480632,Okta,10.0.39.190,,,
SVC044,TOKEN_USE,2026-05-21T13:48:24.480638,Okta,10.0.237.84,,,
SVC035,LOGIN,2026-02-26T13:48:24.480644,AD,10.0.157.245,,,
CTR008,LOGIN,2026-01-17T13:48:24.480650,AD,10.0.194.84,,,
SVC004,LOGIN,2026-05-27T13:48:24.480660,AD,10.0.71.228,,,
SVC048,LOGIN,2026-05-13T13:48:24.480670,Okta,10.0.76.116,,,
SVC023,ACCESS,2026-03-12T13:48:24.480680,Okta,10.0.228.51,,,
EMP106,ACCESS,2026-04-04T13:48:24.480690,Okta,10.0.155.236,,,
CTR023,ACCESS,2026-05-28T13:48:24.480702,Okta,10.0.4.157,,,
SVC012,TOKEN_USE,2026-05-18T13:48:24.480708,AWS,10.0.31.95,,,
SVC032,LOGIN,2026-06-19T13:48:24.480714,Okta,10.0.183.29,,,
EMP145,LOGIN,2026-04-20T13:48:24.480724,AWS,10.0.201.161,,,
EMP163,TOKEN_USE,2026-03-08T13:48:24.480734,AWS,10.0.222.140,,,
EMP109,ROLE_CHANGE,2026-02-18T13:48:24.480744,AD,10.0.96.143,,,
EMP197,ACCESS,2026-03-05T13:48:24.480753,AD,10.0.147.224,,,
EMP065,ROLE_CHANGE,2026-06-17T13:48:24.480763,AD,10.0.8.37,,,
CTR050,TOKEN_USE,2026-05-16T13:48:24.480776,AD,10.0.70.165,,,
CTR013,TOKEN_USE,2025-12-23T13:48:24.480782,Okta,10.0.217.160,,,
EMP093,TOKEN_USE,2026-02-09T13:48:24.480788,AWS,10.0.230.99,,,
EMP182,ROLE_CHANGE,2026-05-03T13:48:24.480794,AWS,10.0.3.148,,,
SVC006,ROLE_CHANGE,2026-02-11T13:48:24.480800,AWS,10.0.210.238,,,
SVC030,ACCESS,2026-06-11T13:48:24.480810,AD,10.0.247.181,,,
EMP189,LOGIN,2026-01-22T13:48:24.480817,AWS,10.0.40.37,,,
SVC020,ACCESS,2026-02-20T13:48:24.480825,Okta,10.0.40.134,,,
EMP046,ROLE_CHANGE,2026-02-19T13:48:24.480834,Okta,10.0.39.176,,,
SVC027,ACCESS,2026-01-14T13:48:24.480840,AD,10.0.175.137,,,
EMP006,TOKEN_USE,2026-02-23T13:48:24.480847,Okta,10.0.240.147,,,
EMP170,TOKEN_USE,2026-03-21T13:48:24.480853,AWS,10.0.148.43,,,
EMP019,ACCESS,2026-01-26T13:48:24.480860,AWS,10.0.31.162,,,
CTR043,ROLE_CHANGE,2026-01-24T13:48:24.480866,AD,10.0.149.208,,,
EMP014,ACCESS,2026-02-15T13:48:24.480871,AD,10.0.64.130,,,
EMP040,ACCESS,2026-04-16T13:48:24.480877,AD,10.0.143.71,,,
EMP132,LOGIN,2026-05-22T13:48:24.480883,Okta,10.0.89.233,,,
EMP078,TOKEN_USE,2026-03-17T13:48:24.480889,AD,10.0.133.201,,,
EMP121,TOKEN_USE,2026-05-04T13:48:24.480895,Okta,10.0.16.88,,,
EMP044,ROLE_CHANGE,2026-01-18T13:48:24.480901,AD,10.0.253.193,,,
CTR012,TOKEN_USE,2026-04-20T13:48:24.480906,Okta,10.0.225.186,,,
EMP086,ROLE_CHANGE,2026-01-23T13:48:24.480912,Okta,10.0.176.14,,,
EMP136,LOGIN,2026-06-06T13:48:24.480918,AD,10.0.237.103,,,
CTR044,ACCESS,2026-02-18T13:48:24.480924,Okta,10.0.119.98,,,
EMP200,TOKEN_USE,2026-04-13T13:48:24.480930,AD,10.0.222.4,,,
EMP148,TOKEN_USE,2026-03-14T13:48:24.480936,Okta,10.0.161.247,,,
SVC022,LOGIN,2026-05-26T13:48:24.480942,Okta,10.0.181.245,,,
CTR022,ACCESS,2026-03-26T13:48:24.480948,AWS,10.0.136.206,,,
EMP051,ACCESS,2026-01-03T13:48:24.480953,Okta,10.0.200.119,,,
EMP124,ROLE_CHANGE,2026-02-06T13:48:24.480959,AWS,10.0.92.81,,,
SVC031,LOGIN,2025-12-29T13:48:24.480973,AD,10.0.34.4,,,
CTR011,LOGIN,2026-02-05T13:48:24.480979,AD,10.0.228.90,,,
EMP113,ACCESS,2026-04-16T13:48:24.480985,AD,10.0.17.7,,,
EMP048,LOGIN,2026-01-18T13:48:24.480990,Okta,10.0.111.244,,,
EMP063,LOGIN,2026-05-28T13:48:24.480997,Okta,10.0.66.97,,,
SVC040,ROLE_CHANGE,2026-05-22T13:48:24.481004,Okta,10.0.94.65,,,
EMP151,TOKEN_USE,2026-01-01T13:48:24.481009,AD,10.0.232.237,,,
EMP142,TOKEN_USE,2025-12-24T13:48:24.481019,Okta,10.0.165.66,,,
EMP083,LOGIN,2026-04-10T13:48:24.481025,AD,10.0.195.100,,,
EMP171,LOGIN,2026-04-14T13:48:24.481030,AWS,10.0.91.113,,,
EMP036,TOKEN_USE,2026-04-29T13:48:24.481036,Okta,10.0.201.46,,,
SVC002,LOGIN,2026-05-14T13:48:24.481042,Okta,10.0.220.56,,,
EMP055,TOKEN_USE,2026-04-14T13:48:24.481048,AD,10.0.17.19,,,
EMP037,ACCESS,2026-02-25T13:48:24.481054,AD,10.0.254.39,,,
EMP001,LOGIN,2025-12-31T13:48:24.481061,AWS,10.0.136.39,,,
EMP169,TOKEN_USE,2026-01-23T13:48:24.481068,AD,10.0.251.123,,,
CTR024,TOKEN_USE,2026-06-02T13:48:24.481074,Okta,10.0.115.1,,,
EMP197,TOKEN_USE,2026-05-19T13:48:24.481087,Okta,10.0.183.86,,,
EMP156,TOKEN_USE,2026-06-05T13:48:24.481109,Okta,10.0.46.94,,,
SVC024,ACCESS,2026-05-30T13:48:24.481119,AWS,10.0.148.166,,,
EMP104,ROLE_CHANGE,2026-01-29T13:48:24.481129,AD,10.0.196.170,,,
EMP098,ACCESS,2025-12-23T13:48:24.481138,AWS,10.0.54.162,,,
EMP184,TOKEN_USE,2026-05-29T13:48:24.481147,Okta,10.0.224.189,,,
EMP098,ROLE_CHANGE,2026-06-10T13:48:24.481157,AD,10.0.12.185,,,
EMP123,TOKEN_USE,2026-03-12T13:48:24.481166,AD,10.0.157.128,,,
SVC024,TOKEN_USE,2026-06-15T13:48:24.481172,AD,10.0.173.15,,,
EMP173,LOGIN,2026-03-08T13:48:24.481178,AD,10.0.108.207,,,
SVC018,TOKEN_USE,2025-12-28T13:48:24.481185,Okta,10.0.76.190,,,
SVC047,ROLE_CHANGE,2026-06-01T13:48:24.481191,AD,10.0.72.126,,,
EMP010,TOKEN_USE,2026-01-12T13:48:24.481201,AD,10.0.124.180,,,
EMP067,LOGIN,2026-05-06T13:48:24.481211,Okta,10.0.25.232,,,
EMP158,LOGIN,2026-02-23T13:48:24.481219,Okta,10.0.87.214,,,
EMP033,LOGIN,2026-05-21T13:48:24.481229,AWS,10.0.112.17,,,
EMP104,TOKEN_USE,2026-03-25T13:48:24.481239,Okta,10.0.205.84,,,
EMP062,ROLE_CHANGE,2026-03-29T13:48:24.481249,AD,10.0.23.152,,,
EMP089,ACCESS,2026-06-03T13:48:24.481258,AD,10.0.140.37,,,
CTR013,ROLE_CHANGE,2025-12-23T13:48:24.481267,AWS,10.0.84.113,,,
EMP125,LOGIN,2026-05-16T13:48:24.481276,AD,10.0.192.200,,,
EMP081,LOGIN,2026-02-15T13:48:24.481286,AD,10.0.3.2,,,
EMP092,LOGIN,2025-12-21T13:48:24.481303,Okta,10.0.145.107,,,
CTR044,ROLE_CHANGE,2026-04-28T13:48:24.481311,AD,10.0.138.134,,,
CTR031,TOKEN_USE,2026-04-19T13:48:24.481317,AD,10.0.19.153,,,
EMP093,TOKEN_USE,2026-01-14T13:48:24.481323,AD,10.0.154.90,,,
CTR015,LOGIN,2026-01-28T13:48:24.481329,AD,10.0.98.31,,,
SVC022,LOGIN,2026-01-12T13:48:24.481335,AWS,10.0.112.119,,,
EMP107,ACCESS,2026-06-06T13:48:24.481341,AD,10.0.57.204,,,
EMP077,TOKEN_USE,2026-02-12T13:48:24.481348,AD,10.0.81.172,,,
EMP023,LOGIN,2026-01-05T13:48:24.481355,AWS,10.0.145.54,,,
CTR023,ACCESS,2026-03-26T13:48:24.481360,Okta,10.0.232.12,,,
EMP054,LOGIN,2026-02-02T13:48:24.481366,AD,10.0.80.202,,,
EMP015,TOKEN_USE,2026-02-08T13:48:24.481372,AD,10.0.36.230,,,
EMP121,TOKEN_USE,2026-01-19T13:48:24.481378,Okta,10.0.166.108,,,
EMP102,ACCESS,2026-04-22T13:48:24.481384,AD,10.0.166.59,,,
EMP051,ROLE_CHANGE,2026-03-06T13:48:24.481390,AD,10.0.192.229,,,
EMP113,LOGIN,2026-02-19T13:48:24.481395,Okta,10.0.248.14,,,
CTR024,ROLE_CHANGE,2026-04-25T13:48:24.481402,Okta,10.0.232.46,,,
EMP199,ACCESS,2026-05-16T13:48:24.481408,AWS,10.0.99.162,,,
EMP184,ACCESS,2026-04-29T13:48:24.481414,AWS,10.0.65.9,,,
SVC042,LOGIN,2026-04-09T13:48:24.481420,AD,10.0.56.219,,,
CTR039,TOKEN_USE,2026-03-04T13:48:24.481425,AD,10.0.175.57,,,
EMP152,ROLE_CHANGE,2026-01-07T13:48:24.481431,Okta,10.0.87.148,,,
SVC034,ROLE_CHANGE,2026-05-28T13:48:24.481437,AWS,10.0.250.221,,,
EMP111,TOKEN_USE,2026-02-21T13:48:24.481443,AWS,10.0.7.187,,,
CTR020,ROLE_CHANGE,2026-04-17T13:48:24.481449,AWS,10.0.222.149,,,
EMP114,ROLE_CHANGE,2026-01-24T13:48:24.481455,AD,10.0.213.251,,,
EMP023,LOGIN,2026-02-19T13:48:24.481461,Okta,10.0.17.109,,,
SVC022,TOKEN_USE,2026-02-17T13:48:24.481467,Okta,10.0.50.116,,,
SVC004,ROLE_CHANGE,2026-05-29T13:48:24.481473,Okta,10.0.6.178,,,
CTR009,ROLE_CHANGE,2026-05-17T13:48:24.481478,AWS,10.0.151.62,,,
EMP047,LOGIN,2026-02-17T13:48:24.481484,Okta,10.0.156.42,,,
CTR036,LOGIN,2026-02-23T13:48:24.481490,AWS,10.0.70.224,,,
CTR008,ROLE_CHANGE,2026-03-17T13:48:24.481496,Okta,10.0.237.181,,,
EMP001,LOGIN,2026-03-13T13:48:24.481502,Okta,10.0.170.136,,,
EMP017,ACCESS,2026-03-02T13:48:24.481508,AWS,10.0.106.202,,,
EMP042,ACCESS,2026-06-05T13:48:24.481514,Okta,10.0.186.228,,,
EMP027,LOGIN,2026-03-13T13:48:24.481520,AWS,10.0.238.159,,,
EMP021,ACCESS,2026-03-18T13:48:24.481526,AD,10.0.34.144,,,
EMP105,ROLE_CHANGE,2026-03-26T13:48:24.481533,AD,10.0.58.167,,,
CTR045,ROLE_CHANGE,2026-04-23T13:48:24.481540,AWS,10.0.180.230,,,
EMP137,TOKEN_USE,2026-04-10T13:48:24.481546,AD,10.0.32.96,,,
EMP177,TOKEN_USE,2026-02-15T13:48:24.481556,Okta,10.0.62.121,,,
SVC023,ACCESS,2026-02-24T13:48:24.481563,Okta,10.0.188.205,,,
EMP034,ROLE_CHANGE,2026-02-22T13:48:24.481576,AD,10.0.41.101,,,
EMP092,ACCESS,2026-05-31T13:48:24.481585,AD,10.0.84.71,,,
EMP058,ROLE_CHANGE,2026-02-12T13:48:24.481598,AD,10.0.104.134,,,
EMP012,ACCESS,2026-03-05T13:48:24.481604,Okta,10.0.67.122,,,
EMP178,TOKEN_USE,2026-02-26T13:48:24.481610,Okta,10.0.10.75,,,
EMP097,LOGIN,2026-06-14T13:48:24.481616,AD,10.0.171.106,,,
SVC047,ACCESS,2026-01-03T13:48:24.481622,Okta,10.0.167.125,,,
SVC022,TOKEN_USE,2026-02-22T13:48:24.481628,AWS,10.0.67.230,,,
EMP157,ROLE_CHANGE,2026-04-14T13:48:24.481634,AD,10.0.247.96,,,
EMP148,LOGIN,2026-05-13T13:48:24.481640,AWS,10.0.145.117,,,
EMP086,ROLE_CHANGE,2026-02-02T13:48:24.481645,AWS,10.0.93.250,,,
EMP090,ROLE_CHANGE,2026-05-09T13:48:24.481652,AD,10.0.59.11,,,
EMP163,ROLE_CHANGE,2026-02-27T13:48:24.481657,AWS,10.0.189.48,,,
EMP106,LOGIN,2025-12-31T13:48:24.481663,AWS,10.0.176.38,,,
EMP191,TOKEN_USE,2026-02-01T13:48:24.481669,AD,10.0.154.32,,,
EMP013,TOKEN_USE,2026-02-12T13:48:24.481675,AD,10.0.234.238,,,
EMP164,ROLE_CHANGE,2026-06-18T13:48:24.481681,Okta,10.0.169.166,,,
EMP152,TOKEN_USE,2026-04-06T13:48:24.481687,Okta,10.0.75.205,,,
SVC040,TOKEN_USE,2026-03-25T13:48:24.481693,Okta,10.0.57.188,,,
CTR046,LOGIN,2026-05-15T13:48:24.481699,Okta,10.0.59.79,,,
EMP013,TOKEN_USE,2026-01-12T13:48:24.481705,AD,10.0.228.92,,,
EMP048,ACCESS,2026-06-05T13:48:24.481719,Okta,10.0.99.150,,,
SVC020,ROLE_CHANGE,2026-04-09T13:48:24.481731,AD,10.0.11.22,,,
SVC026,TOKEN_USE,2025-12-28T13:48:24.481741,Okta,10.0.44.250,,,
SVC013,TOKEN_USE,2026-05-01T13:48:24.481750,AWS,10.0.162.155,,,
SVC012,LOGIN,2025-12-31T13:48:24.481762,AWS,10.0.203.38,,,
CTR019,ACCESS,2026-03-13T13:48:24.481768,AWS,10.0.6.73,,,
EMP177,ACCESS,2026-04-02T13:48:24.481774,AWS,10.0.44.56,,,
CTR028,TOKEN_USE,2026-02-26T13:48:24.481782,AWS,10.0.83.207,,,
CTR018,TOKEN_USE,2026-05-15T13:48:24.481788,Okta,10.0.44.37,,,
EMP107,ACCESS,2026-02-18T13:48:24.481796,Okta,10.0.171.17,,,
EMP193,LOGIN,2026-06-18T13:48:24.481802,AWS,10.0.139.107,,,
EMP090,TOKEN_USE,2026-01-25T13:48:24.481811,AD,10.0.102.48,,,
EMP196,ACCESS,2026-01-29T13:48:24.481821,AWS,10.0.21.211,,,
EMP155,ACCESS,2026-02-13T13:48:24.481831,Okta,10.0.237.58,,,
EMP014,LOGIN,2026-05-11T13:48:24.481841,AWS,10.0.153.245,,,
CTR042,LOGIN,2026-01-03T13:48:24.481851,Okta,10.0.147.107,,,
EMP092,TOKEN_USE,2025-12-25T13:48:24.481857,Okta,10.0.125.8,,,
EMP062,ACCESS,2026-02-13T13:48:24.481862,AD,10.0.185.149,,,
CTR047,TOKEN_USE,2026-04-14T13:48:24.481868,Okta,10.0.243.250,,,
EMP062,ACCESS,2026-02-08T13:48:24.481879,Okta,10.0.8.217,,,
EMP133,ROLE_CHANGE,2026-01-22T13:48:24.481889,AD,10.0.74.82,,,
CTR037,ROLE_CHANGE,2026-03-20T13:48:24.481898,AD,10.0.27.70,,,
EMP185,TOKEN_USE,2026-01-08T13:48:24.481908,AWS,10.0.24.75,,,
EMP150,LOGIN,2026-02-08T13:48:24.481922,AD,10.0.93.196,,,
EMP049,ROLE_CHANGE,2026-01-31T13:48:24.481934,AWS,10.0.161.212,,,
EMP155,ACCESS,2025-12-26T13:48:24.481943,Okta,10.0.185.25,,,
SVC024,ACCESS,2026-05-14T13:48:24.481955,AD,10.0.70.133,,,
EMP145,ACCESS,2026-02-15T13:48:24.481965,AWS,10.0.174.236,,,
EMP084,LOGIN,2026-04-25T13:48:24.481981,AD,10.0.113.213,,,
EMP097,LOGIN,2026-03-05T13:48:24.481991,AWS,10.0.39.30,,,
EMP068,LOGIN,2026-02-17T13:48:24.482001,AWS,10.0.159.177,,,
EMP186,ROLE_CHANGE,2026-02-26T13:48:24.482016,Okta,10.0.175.45,,,
EMP156,LOGIN,2026-05-20T13:48:24.482026,AD,10.0.65.220,,,
EMP073,ROLE_CHANGE,2026-04-02T13:48:24.482032,AD,10.0.107.34,,,
EMP041,TOKEN_USE,2025-12-25T13:48:24.482038,AD,10.0.39.5,,,
CTR048,TOKEN_USE,2026-06-09T13:48:24.482044,AD,10.0.55.9,,,
SVC013,LOGIN,2026-02-19T13:48:24.482050,AD,10.0.129.12,,,
EMP034,ACCESS,2025-12-31T13:48:24.482056,AD,10.0.49.201,,,
EMP064,ROLE_CHANGE,2026-01-20T13:48:24.482062,AD,10.0.94.172,,,
EMP180,LOGIN,2026-05-27T13:48:24.482070,AD,10.0.142.243,,,
SVC047,ACCESS,2026-03-21T13:48:24.482076,AD,10.0.123.130,,,
SVC042,LOGIN,2026-05-25T13:48:24.482082,Okta,10.0.7.136,,,
EMP112,ROLE_CHANGE,2026-04-08T13:48:24.482088,AD,10.0.2.250,,,
EMP051,ROLE_CHANGE,2026-02-10T13:48:24.482094,Okta,10.0.243.94,,,
EMP095,TOKEN_USE,2025-12-29T13:48:24.482100,AD,10.0.92.214,,,
EMP182,TOKEN_USE,2026-03-03T13:48:24.482105,AD,10.0.116.105,,,
EMP058,ACCESS,2026-05-19T13:48:24.482111,AWS,10.0.56.134,,,
EMP070,TOKEN_USE,2026-03-19T13:48:24.482117,Okta,10.0.147.143,,,
EMP021,LOGIN,2026-03-28T13:48:24.482122,AWS,10.0.59.99,,,
EMP146,TOKEN_USE,2026-01-17T13:48:24.482128,Okta,10.0.159.176,,,
CTR028,ROLE_CHANGE,2026-01-29T13:48:24.482134,AWS,10.0.148.253,,,
CTR020,ROLE_CHANGE,2026-06-02T13:48:24.482140,AWS,10.0.188.46,,,
EMP007,TOKEN_USE,2025-12-29T13:48:24.482146,AD,10.0.202.113,,,
SVC018,LOGIN,2026-05-20T13:48:24.482152,AD,10.0.202.103,,,
EMP053,ROLE_CHANGE,2026-06-03T13:48:24.482158,AWS,10.0.101.87,,,
EMP103,TOKEN_USE,2026-05-19T13:48:24.482163,AD,10.0.217.186,,,
SVC006,ACCESS,2026-01-22T13:48:24.482169,Okta,10.0.139.194,,,
CTR005,ACCESS,2026-02-18T13:48:24.482181,Okta,10.0.207.253,,,
CTR049,ACCESS,2026-05-13T13:48:24.482191,AWS,10.0.55.32,,,
EMP129,TOKEN_USE,2026-02-12T13:48:24.482205,AD,10.0.68.8,,,
EMP051,LOGIN,2026-06-02T13:48:24.482211,AWS,10.0.13.249,,,
EMP092,TOKEN_USE,2026-01-16T13:48:24.482217,Okta,10.0.167.40,,,
EMP156,LOGIN,2026-05-31T13:48:24.482223,Okta,10.0.252.203,,,
CTR039,ROLE_CHANGE,2026-04-05T13:48:24.482229,Okta,10.0.254.126,,,
SVC009,ACCESS,2026-02-01T13:48:24.482235,AWS,10.0.9.244,,,
EMP017,TOKEN_USE,2026-05-20T13:48:24.482241,AWS,10.0.230.81,,,
EMP193,TOKEN_USE,2026-02-22T13:48:24.482247,AD,10.0.16.46,,,
SVC036,ACCESS,2025-12-21T13:48:24.482252,AD,10.0.251.111,,,
EMP069,ACCESS,2026-03-12T13:48:24.482258,AWS,10.0.56.146,,,
SVC002,TOKEN_USE,2026-02-18T13:48:24.482264,Okta,10.0.80.130,,,
EMP029,TOKEN_USE,2026-04-13T13:48:24.482270,AWS,10.0.193.158,,,
EMP181,ACCESS,2026-03-29T13:48:24.482277,AD,10.0.14.152,,,
EMP024,ROLE_CHANGE,2026-03-18T13:48:24.482282,AWS,10.0.13.196,,,
EMP175,TOKEN_USE,2026-05-26T13:48:24.482289,AWS,10.0.176.254,,,
EMP183,TOKEN_USE,2026-03-22T13:48:24.482295,AD,10.0.125.64,,,
EMP121,ACCESS,2026-01-19T13:48:24.482301,AD,10.0.33.223,,,
EMP157,LOGIN,2026-03-25T13:48:24.482307,AD,10.0.10.138,,,
EMP167,LOGIN,2026-02-22T13:48:24.482313,Okta,10.0.216.146,,,
SVC014,TOKEN_USE,2026-04-12T13:48:24.482318,AD,10.0.240.151,,,
EMP012,ACCESS,2026-03-15T13:48:24.482328,Okta,10.0.199.83,,,
SVC044,LOGIN,2026-02-14T13:48:24.482334,AD,10.0.105.87,,,
SVC005,ACCESS,2026-05-08T13:48:24.482340,Okta,10.0.153.94,,,
CTR024,ROLE_CHANGE,2026-02-12T13:48:24.482346,Okta,10.0.38.216,,,
SVC025,ROLE_CHANGE,2026-04-07T13:48:24.482352,AWS,10.0.24.77,,,
SVC044,TOKEN_USE,2026-04-23T13:48:24.482357,Okta,10.0.47.184,,,
SVC047,LOGIN,2026-01-19T13:48:24.482367,AWS,10.0.139.18,,,
SVC041,TOKEN_USE,2026-03-02T13:48:24.482373,AD,10.0.177.204,,,
EMP040,ACCESS,2026-02-10T13:48:24.482379,AWS,10.0.221.170,,,
SVC027,ACCESS,2026-04-29T13:48:24.482384,AWS,10.0.205.65,,,
SVC014,TOKEN_USE,2025-12-30T13:48:24.482390,Okta,10.0.92.226,,,
EMP010,ROLE_CHANGE,2026-01-23T13:48:24.482396,AWS,10.0.109.170,,,
CTR040,ACCESS,2026-01-07T13:48:24.482402,Okta,10.0.222.240,,,
SVC040,LOGIN,2026-02-06T13:48:24.482408,AD,10.0.186.119,,,
EMP076,ROLE_CHANGE,2026-05-12T13:48:24.482414,Okta,10.0.153.217,,,
CTR023,TOKEN_USE,2026-03-30T13:48:24.482419,AD,10.0.104.217,,,
CTR012,ACCESS,2026-04-07T13:48:24.482425,Okta,10.0.82.66,,,
EMP121,TOKEN_USE,2026-04-19T13:48:24.482431,AD,10.0.76.50,,,
EMP015,ROLE_CHANGE,2026-04-01T13:48:24.482436,AWS,10.0.248.144,,,
CTR024,TOKEN_USE,2026-01-05T13:48:24.482442,AD,10.0.103.41,,,
EMP140,ROLE_CHANGE,2026-06-12T13:48:24.482448,AWS,10.0.142.169,,,
SVC032,ROLE_CHANGE,2026-01-06T13:48:24.482454,AD,10.0.248.201,,,
EMP011,LOGIN,2026-05-29T13:48:24.482460,AWS,10.0.152.222,,,
EMP033,TOKEN_USE,2026-03-18T13:48:24.482466,Okta,10.0.46.102,,,
EMP072,ROLE_CHANGE,2026-05-22T13:48:24.482473,Okta,10.0.61.134,,,
SVC048,ACCESS,2026-02-12T13:48:24.482479,AD,10.0.121.154,,,
EMP063,ACCESS,2026-03-27T13:48:24.482485,Okta,10.0.199.207,,,
EMP121,TOKEN_USE,2026-04-25T13:48:24.482492,AD,10.0.54.45,,,
EMP110,ACCESS,2026-02-27T13:48:24.482497,AWS,10.0.130.221,,,
EMP029,TOKEN_USE,2026-02-03T13:48:24.482503,AWS,10.0.57.82,,,
SVC030,TOKEN_USE,2026-02-18T13:48:24.482509,Okta,10.0.126.247,,,
EMP143,ROLE_CHANGE,2026-03-19T13:48:24.482515,AWS,10.0.188.211,,,
EMP158,LOGIN,2026-01-05T13:48:24.482520,Okta,10.0.17.216,,,
EMP028,ROLE_CHANGE,2026-04-16T13:48:24.482526,Okta,10.0.196.80,,,
EMP186,LOGIN,2026-02-03T13:48:24.482533,AD,10.0.226.100,,,
EMP005,TOKEN_USE,2026-04-15T13:48:24.482539,AWS,10.0.46.240,,,
EMP121,ACCESS,2026-04-27T13:48:24.482544,AD,10.0.224.162,,,
EMP163,TOKEN_USE,2026-06-11T13:48:24.482550,AWS,10.0.41.211,,,
SVC002,TOKEN_USE,2026-03-06T13:48:24.482556,AWS,10.0.216.225,,,
EMP052,ROLE_CHANGE,2025-12-23T13:48:24.482562,AWS,10.0.33.91,,,
CTR016,ACCESS,2026-02-23T13:48:24.482568,Okta,10.0.14.196,,,
EMP027,ROLE_CHANGE,2026-01-09T13:48:24.482574,AWS,10.0.69.1,,,
CTR006,ROLE_CHANGE,2026-01-10T13:48:24.482580,AWS,10.0.160.148,,,
EMP043,LOGIN,2026-05-10T13:48:24.482585,AD,10.0.66.217,,,
CTR011,ACCESS,2026-02-24T13:48:24.482592,AWS,10.0.68.67,,,
EMP089,ACCESS,2026-04-08T13:48:24.482599,AD,10.0.43.107,,,
EMP189,ROLE_CHANGE,2026-03-11T13:48:24.482605,AWS,10.0.114.6,,,
EMP012,ROLE_CHANGE,2026-05-28T13:48:24.482611,AWS,10.0.101.68,,,
EMP087,LOGIN,2026-03-09T13:48:24.482617,Okta,10.0.219.154,,,
EMP134,ROLE_CHANGE,2026-05-28T13:48:24.482623,AWS,10.0.87.243,,,
SVC041,LOGIN,2026-06-16T13:48:24.482629,Okta,10.0.222.198,,,
CTR033,TOKEN_USE,2026-05-20T13:48:24.482635,AD,10.0.104.49,,,
EMP137,ACCESS,2026-02-13T13:48:24.482647,AWS,10.0.66.111,,,
EMP106,ROLE_CHANGE,2026-04-08T13:48:24.482658,Okta,10.0.96.108,,,
EMP093,TOKEN_USE,2026-05-13T13:48:24.482672,AD,10.0.148.250,,,
EMP135,ROLE_CHANGE,2026-01-12T13:48:24.482678,AWS,10.0.127.95,,,
SVC049,TOKEN_USE,2026-05-29T13:48:24.482685,AD,10.0.240.35,,,
EMP166,TOKEN_USE,2025-12-26T13:48:24.482691,AD,10.0.196.182,,,
CTR017,ACCESS,2026-06-01T13:48:24.482697,AD,10.0.30.14,,,
EMP171,ROLE_CHANGE,2026-02-19T13:48:24.482703,AWS,10.0.23.2,,,
EMP130,TOKEN_USE,2026-04-03T13:48:24.482710,AWS,10.0.189.34,,,
SVC037,LOGIN,2026-01-22T13:48:24.482717,AD,10.0.133.44,,,
SVC008,TOKEN_USE,2026-03-25T13:48:24.482723,AWS,10.0.67.23,,,
EMP163,TOKEN_USE,2026-05-14T13:48:24.482729,AWS,10.0.59.81,,,
EMP023,ROLE_CHANGE,2026-02-12T13:48:24.482734,AWS,10.0.184.238,,,
CTR021,ACCESS,2026-04-13T13:48:24.482740,Okta,10.0.135.133,,,
EMP161,TOKEN_USE,2026-05-08T13:48:24.482746,AWS,10.0.251.196,,,
EMP078,TOKEN_USE,2026-06-06T13:48:24.482752,AD,10.0.76.14,,,
EMP118,ROLE_CHANGE,2026-06-10T13:48:24.482758,AWS,10.0.133.42,,,
CTR040,TOKEN_USE,2026-05-21T13:48:24.482764,AWS,10.0.20.114,,,
EMP183,TOKEN_USE,2026-02-22T13:48:24.482770,AWS,10.0.57.217,,,
EMP076,LOGIN,2026-03-22T13:48:24.482776,AD,10.0.104.223,,,
EMP146,ROLE_CHANGE,2026-05-07T13:48:24.482781,Okta,10.0.139.145,,,
SVC050,ROLE_CHANGE,2026-01-21T13:48:24.482787,AD,10.0.92.107,,,
EMP040,ROLE_CHANGE,2026-02-12T13:48:24.482793,Okta,10.0.48.228,,,
EMP169,LOGIN,2026-04-08T13:48:24.482799,Okta,10.0.62.101,,,
EMP192,LOGIN,2026-03-29T13:48:24.482805,AD,10.0.14.21,,,
CTR036,TOKEN_USE,2026-02-23T13:48:24.482811,Okta,10.0.137.153,,,
EMP003,ACCESS,2026-06-08T13:48:24.482817,Okta,10.0.231.84,,,
SVC042,ROLE_CHANGE,2026-04-26T13:48:24.482823,AD,10.0.144.83,,,
EMP029,LOGIN,2026-01-30T13:48:24.482830,Okta,10.0.195.24,,,
CTR005,ACCESS,2026-05-05T13:48:24.482846,AD,10.0.204.23,,,
EMP011,ROLE_CHANGE,2026-05-09T13:48:24.482857,AWS,10.0.206.73,,,
EMP079,LOGIN,2026-04-04T13:48:24.482867,AWS,10.0.221.189,,,
EMP159,ROLE_CHANGE,2026-03-20T13:48:24.482875,Okta,10.0.49.214,,,
EMP189,ROLE_CHANGE,2026-02-14T13:48:24.482881,AWS,10.0.198.122,,,
EMP138,TOKEN_USE,2026-05-27T13:48:24.482887,AWS,10.0.188.158,,,
EMP096,TOKEN_USE,2026-01-09T13:48:24.482900,AWS,10.0.47.11,,,
SVC013,ACCESS,2026-02-21T13:48:24.482913,Okta,10.0.114.166,,,
EMP080,TOKEN_USE,2026-02-05T13:48:24.482923,Okta,10.0.42.75,,,
CTR040,TOKEN_USE,2026-05-30T13:48:24.482937,AWS,10.0.153.39,,,
EMP066,ACCESS,2026-04-17T13:48:24.482948,Okta,10.0.218.76,,,
SVC042,LOGIN,2026-01-29T13:48:24.482953,AD,10.0.23.132,,,
EMP056,TOKEN_USE,2026-03-06T13:48:24.482959,AD,10.0.237.170,,,
SVC042,ACCESS,2026-03-21T13:48:24.482965,AWS,10.0.41.197,,,
SVC008,LOGIN,2026-05-21T13:48:24.482973,Okta,10.0.236.46,,,
EMP094,TOKEN_USE,2026-06-08T13:48:24.482979,AD,10.0.213.225,,,
EMP153,ACCESS,2026-01-20T13:48:24.482985,Okta,10.0.232.194,,,
CTR031,ACCESS,2026-03-24T13:48:24.482991,AD,10.0.108.48,,,
EMP041,ACCESS,2025-12-29T13:48:24.482997,AD,10.0.222.137,,,
EMP010,LOGIN,2026-03-10T13:48:24.483003,AD,10.0.6.44,,,
CTR045,TOKEN_USE,2025-12-24T13:48:24.483008,AWS,10.0.249.78,,,
EMP185,TOKEN_USE,2026-04-03T13:48:24.483015,AD,10.0.64.35,,,
EMP008,ROLE_CHANGE,2026-05-22T13:48:24.483024,AD,10.0.96.220,,,
EMP014,ROLE_CHANGE,2026-02-16T13:48:24.483030,Okta,10.0.74.167,,,
EMP124,TOKEN_USE,2026-01-10T13:48:24.483036,Okta,10.0.97.23,,,
EMP155,TOKEN_USE,2026-05-13T13:48:24.483041,AWS,10.0.216.6,,,
EMP060,ROLE_CHANGE,2026-05-11T13:48:24.483047,Okta,10.0.227.247,,,
CTR049,TOKEN_USE,2026-06-14T13:48:24.483058,AWS,10.0.124.52,,,
EMP151,TOKEN_USE,2026-06-06T13:48:24.483067,AWS,10.0.4.27,,,
CTR022,TOKEN_USE,2026-02-13T13:48:24.483076,Okta,10.0.148.10,,,
CTR050,TOKEN_USE,2026-02-15T13:48:24.483083,Okta,10.0.249.60,,,
EMP032,LOGIN,2026-03-03T13:48:24.483089,Okta,10.0.161.142,,,
EMP033,ACCESS,2026-01-05T13:48:24.483098,AWS,10.0.242.30,,,
SVC004,ACCESS,2026-02-25T13:48:24.483104,Okta,10.0.223.6,,,
EMP083,ACCESS,2026-05-01T13:48:24.483110,AWS,10.0.176.113,,,
EMP119,ROLE_CHANGE,2026-01-20T13:48:24.483115,Okta,10.0.173.236,,,
CTR040,ROLE_CHANGE,2026-04-05T13:48:24.483122,Okta,10.0.199.246,,,
CTR014,ACCESS,2026-02-19T13:48:24.483128,AD,10.0.106.73,,,
EMP045,TOKEN_USE,2026-05-17T13:48:24.483134,AD,10.0.102.41,,,
SVC002,LOGIN,2026-03-05T13:48:24.483140,AWS,10.0.155.61,,,
EMP108,LOGIN,2026-06-15T13:48:24.483146,AWS,10.0.133.92,,,
EMP082,ROLE_CHANGE,2026-02-11T13:48:24.483152,AD,10.0.32.87,,,
CTR021,LOGIN,2026-01-12T13:48:24.483158,AD,10.0.61.144,,,
EMP115,TOKEN_USE,2026-04-14T13:48:24.483163,AWS,10.0.181.197,,,
EMP024,ACCESS,2026-05-12T13:48:24.483169,Okta,10.0.53.181,,,
EMP026,TOKEN_USE,2026-02-22T13:48:24.483176,AD,10.0.54.201,,,
EMP053,LOGIN,2026-02-10T13:48:24.483182,AD,10.0.85.162,,,
EMP061,ROLE_CHANGE,2026-03-19T13:48:24.483188,AD,10.0.149.182,,,
CTR027,TOKEN_USE,2026-05-25T13:48:24.483194,AD,10.0.186.86,,,
EMP071,LOGIN,2026-04-29T13:48:24.483199,AWS,10.0.212.197,,,
EMP004,ROLE_CHANGE,2026-02-18T13:48:24.483205,AWS,10.0.146.130,,,
EMP088,LOGIN,2026-04-12T13:48:24.483211,AWS,10.0.212.93,,,
EMP126,ROLE_CHANGE,2026-02-04T13:48:24.483217,AWS,10.0.116.36,,,
CTR020,TOKEN_USE,2026-03-07T13:48:24.483223,AWS,10.0.185.242,,,
EMP016,TOKEN_USE,2026-05-13T13:48:24.483229,AD,10.0.35.22,,,
EMP174,ACCESS,2026-03-09T13:48:24.483235,AD,10.0.222.16,,,
CTR002,LOGIN,2026-01-01T13:48:24.483240,Okta,10.0.77.232,,,
SVC045,LOGIN,2026-01-09T13:48:24.483249,Okta,10.0.151.108,,,
CTR006,ACCESS,2026-03-31T13:48:24.483260,AWS,10.0.4.212,,,
EMP144,ROLE_CHANGE,2025-12-22T13:48:24.483277,AWS,10.0.228.165,,,
EMP106,TOKEN_USE,2025-12-23T13:48:24.483284,AWS,10.0.207.199,,,
EMP102,ACCESS,2026-05-29T13:48:24.483289,AD,10.0.171.100,,,
EMP065,ACCESS,2026-04-26T13:48:24.483296,AD,10.0.159.134,,,
EMP175,ROLE_CHANGE,2026-06-14T13:48:24.483302,AD,10.0.132.62,,,
EMP156,TOKEN_USE,2026-02-10T13:48:24.483312,AD,10.0.30.216,,,
EMP191,ACCESS,2026-01-10T13:48:24.483318,Okta,10.0.181.32,,,
EMP025,LOGIN,2026-02-25T13:48:24.483324,AWS,10.0.2.117,,,
EMP174,ROLE_CHANGE,2026-01-22T13:48:24.483329,Okta,10.0.119.90,,,
EMP154,ACCESS,2025-12-31T13:48:24.483336,Okta,10.0.71.183,,,
EMP194,ROLE_CHANGE,2026-05-24T13:48:24.483341,AWS,10.0.98.211,,,
EMP185,TOKEN_USE,2026-05-25T13:48:24.483348,AD,10.0.217.213,,,
CTR011,LOGIN,2026-05-27T13:48:24.483355,AD,10.0.217.228,,,
EMP067,TOKEN_USE,2026-04-26T13:48:24.483360,AWS,10.0.39.95,,,
SVC020,TOKEN_USE,2026-01-20T13:48:24.483369,Okta,10.0.202.224,,,
EMP136,TOKEN_USE,2026-01-08T13:48:24.483375,AWS,10.0.225.177,,,
SVC001,TOKEN_USE,2026-05-09T13:48:24.483381,AD,10.0.65.125,,,
CTR035,ROLE_CHANGE,2025-12-21T13:48:24.483387,Okta,10.0.60.178,,,
EMP109,TOKEN_USE,2026-02-18T13:48:24.483393,AD,10.0.80.242,,,
SVC037,ACCESS,2026-05-20T13:48:24.483399,Okta,10.0.209.29,,,
EMP062,ACCESS,2026-01-24T13:48:24.483405,AWS,10.0.20.134,,,
EMP079,LOGIN,2026-03-16T13:48:24.483411,AWS,10.0.191.78,,,
EMP151,TOKEN_USE,2026-06-12T13:48:24.483416,AD,10.0.72.201,,,
CTR016,LOGIN,2026-04-02T13:48:24.483422,AWS,10.0.110.47,,,
SVC001,LOGIN,2026-05-19T13:48:24.483428,Okta,10.0.178.18,,,
EMP023,TOKEN_USE,2026-02-16T13:48:24.483434,Okta,10.0.158.145,,,
CTR032,ACCESS,2026-03-15T13:48:24.483440,AWS,10.0.67.196,,,
EMP071,TOKEN_USE,2026-02-24T13:48:24.483446,Okta,10.0.229.39,,,
EMP167,LOGIN,2026-01-11T13:48:24.483451,Okta,10.0.209.100,,,
EMP120,TOKEN_USE,2026-03-25T13:48:24.483457,Okta,10.0.23.246,,,
CTR027,ACCESS,2026-01-05T13:48:24.483463,AD,10.0.84.182,,,
EMP013,ACCESS,2026-01-27T13:48:24.483469,Okta,10.0.63.165,,,
SVC037,LOGIN,2026-05-01T13:48:24.483474,Okta,10.0.27.246,,,
SVC042,ROLE_CHANGE,2026-02-18T13:48:24.483480,Okta,10.0.9.31,,,
SVC023,ROLE_CHANGE,2026-06-15T13:48:24.483486,AWS,10.0.105.63,,,
SVC047,TOKEN_USE,2026-05-29T13:48:24.483492,Okta,10.0.164.103,,,
EMP024,TOKEN_USE,2026-06-14T13:48:24.483498,AWS,10.0.223.47,,,
CTR013,LOGIN,2026-02-04T13:48:24.483509,AWS,10.0.195.66,,,
EMP047,LOGIN,2026-05-25T13:48:24.483515,Okta,10.0.86.74,,,
EMP074,ROLE_CHANGE,2026-04-15T13:48:24.483521,AD,10.0.78.79,,,
CTR009,ROLE_CHANGE,2026-06-04T13:48:24.483527,Okta,10.0.166.47,,,
EMP014,LOGIN,2026-04-04T13:48:24.483533,AWS,10.0.50.82,,,
EMP073,TOKEN_USE,2026-03-29T13:48:24.483539,AWS,10.0.192.242,,,
EMP062,LOGIN,2026-04-29T13:48:24.483545,AD,10.0.121.127,,,
SVC011,TOKEN_USE,2026-05-21T13:48:24.483552,AWS,10.0.31.82,,,
CTR038,TOKEN_USE,2026-06-03T13:48:24.483558,AWS,10.0.14.105,,,
EMP120,LOGIN,2026-04-12T13:48:24.483564,Okta,10.0.51.64,,,
SVC035,ROLE_CHANGE,2026-04-03T13:48:24.483570,Okta,10.0.208.115,,,
EMP043,ROLE_CHANGE,2026-05-14T13:48:24.483576,AWS,10.0.86.201,,,
EMP126,TOKEN_USE,2026-01-28T13:48:24.483582,AWS,10.0.21.1,,,
CTR038,ACCESS,2026-01-03T13:48:24.483588,AD,10.0.0.16,,,
CTR047,ACCESS,2026-01-17T13:48:24.483594,AWS,10.0.194.90,,,
EMP109,ACCESS,2026-06-08T13:48:24.483600,AD,10.0.35.77,,,
EMP046,TOKEN_USE,2025-12-23T13:48:24.483606,AD,10.0.71.186,,,
SVC035,ACCESS,2026-03-01T13:48:24.483612,AD,10.0.162.227,,,
EMP176,ACCESS,2026-02-24T13:48:24.483619,AWS,10.0.125.170,,,
EMP165,ACCESS,2026-04-27T13:48:24.483624,AWS,10.0.168.5,,,
EMP069,LOGIN,2026-01-15T13:48:24.483630,AWS,10.0.2.231,,,
EMP005,ROLE_CHANGE,2026-03-06T13:48:24.483636,Okta,10.0.250.196,,,
CTR002,LOGIN,2026-01-04T13:48:24.483642,Okta,10.0.39.138,,,
EMP016,TOKEN_USE,2025-12-29T13:48:24.483648,AD,10.0.180.249,,,
EMP193,ACCESS,2026-03-12T13:48:24.483654,AD,10.0.4.32,,,
CTR037,ACCESS,2026-05-01T13:48:24.483673,AWS,10.0.4.57,,,
EMP011,ACCESS,2025-12-27T13:48:24.483679,Okta,10.0.183.50,,,
EMP047,ACCESS,2026-04-24T13:48:24.483685,AD,10.0.252.248,,,
EMP186,LOGIN,2026-04-09T13:48:24.483694,AWS,10.0.107.2,,,
EMP101,TOKEN_USE,2026-05-22T13:48:24.483700,AWS,10.0.252.44,,,
SVC033,ROLE_CHANGE,2026-01-02T13:48:24.483706,Okta,10.0.89.17,,,
EMP066,LOGIN,2026-05-18T13:48:24.483718,AWS,10.0.116.226,,,
SVC018,ACCESS,2026-05-01T13:48:24.483733,Okta,10.0.11.254,,,
SVC023,ACCESS,2025-12-27T13:48:24.483741,Okta,10.0.232.1,,,
CTR019,LOGIN,2026-03-29T13:48:24.483747,AWS,10.0.208.71,,,
EMP063,TOKEN_USE,2026-02-13T13:48:24.483753,AWS,10.0.22.227,,,
EMP115,LOGIN,2026-04-09T13:48:24.483759,AWS,10.0.229.81,,,
EMP003,TOKEN_USE,2026-05-01T13:48:24.483765,AWS,10.0.41.226,,,
SVC043,LOGIN,2026-04-23T13:48:24.483771,Okta,10.0.216.246,,,
EMP039,ROLE_CHANGE,2026-04-30T13:48:24.483778,AD,10.0.168.80,,,
EMP033,LOGIN,2026-06-12T13:48:24.483783,AWS,10.0.221.207,,,
EMP013,ACCESS,2026-04-16T13:48:24.483789,AD,10.0.55.122,,,
EMP123,ACCESS,2026-06-06T13:48:24.483795,AWS,10.0.121.242,,,
EMP038,TOKEN_USE,2026-05-26T13:48:24.483801,Okta,10.0.228.149,,,
EMP064,LOGIN,2026-06-04T13:48:24.483807,AD,10.0.193.81,,,
EMP034,ROLE_CHANGE,2026-06-04T13:48:24.483813,AWS,10.0.28.78,,,
CTR022,LOGIN,2026-05-24T13:48:24.483818,Okta,10.0.28.144,,,
EMP027,ACCESS,2026-03-14T13:48:24.483824,AWS,10.0.49.159,,,
CTR011,ROLE_CHANGE,2026-01-17T13:48:24.483830,Okta,10.0.5.117,,,
EMP197,TOKEN_USE,2026-03-02T13:48:24.483836,Okta,10.0.51.87,,,
EMP014,TOKEN_USE,2026-02-07T13:48:24.483843,AWS,10.0.98.28,,,
EMP053,LOGIN,2026-01-18T13:48:24.483849,Okta,10.0.34.152,,,
EMP100,ROLE_CHANGE,2026-01-07T13:48:24.483855,Okta,10.0.131.91,,,
CTR016,TOKEN_USE,2026-01-12T13:48:24.483860,AWS,10.0.95.63,,,
EMP071,LOGIN,2026-06-04T13:48:24.483866,AD,10.0.159.150,,,
CTR024,ACCESS,2026-04-01T13:48:24.483872,Okta,10.0.74.38,,,
CTR041,ACCESS,2026-01-16T13:48:24.483878,AWS,10.0.149.95,,,
EMP005,ROLE_CHANGE,2026-06-05T13:48:24.483883,AD,10.0.27.109,,,
EMP177,ROLE_CHANGE,2026-04-29T13:48:24.483889,Okta,10.0.103.202,,,
EMP036,ACCESS,2026-05-02T13:48:24.483895,Okta,10.0.243.178,,,
CTR040,ACCESS,2026-01-22T13:48:24.483901,Okta,10.0.171.158,,,
EMP154,TOKEN_USE,2026-03-27T13:48:24.483907,AD,10.0.53.117,,,
EMP022,TOKEN_USE,2026-04-24T13:48:24.483918,AD,10.0.114.178,,,
EMP118,TOKEN_USE,2026-01-11T13:48:24.483928,AD,10.0.122.124,,,
EMP170,TOKEN_USE,2026-04-28T13:48:24.483944,AWS,10.0.94.212,,,
EMP004,ACCESS,2026-06-17T13:48:24.483955,AD,10.0.183.8,,,
SVC035,LOGIN,2026-05-14T13:48:24.483961,AWS,10.0.225.50,,,
SVC050,ACCESS,2026-06-08T13:48:24.483967,AD,10.0.101.51,,,
EMP146,ROLE_CHANGE,2026-04-24T13:48:24.483983,AWS,10.0.89.87,,,
SVC034,ROLE_CHANGE,2026-05-05T13:48:24.483989,AD,10.0.11.46,,,
EMP135,LOGIN,2026-06-14T13:48:24.483995,Okta,10.0.70.98,,,
EMP057,ACCESS,2026-04-27T13:48:24.484002,AWS,10.0.233.62,,,
EMP190,ACCESS,2026-01-01T13:48:24.484008,AD,10.0.222.225,,,
EMP034,LOGIN,2026-05-14T13:48:24.484014,AD,10.0.97.50,,,
SVC023,TOKEN_USE,2025-12-24T13:48:24.484020,AWS,10.0.162.154,,,
CTR020,ROLE_CHANGE,2026-06-08T13:48:24.484026,Okta,10.0.96.219,,,
SVC025,ACCESS,2026-05-12T13:48:24.484032,AWS,10.0.126.14,,,
EMP144,ROLE_CHANGE,2026-02-09T13:48:24.484038,Okta,10.0.250.54,,,
EMP042,TOKEN_USE,2026-01-01T13:48:24.484044,Okta,10.0.33.43,,,
SVC011,TOKEN_USE,2026-01-05T13:48:24.484055,Okta,10.0.191.128,,,
SVC016,TOKEN_USE,2026-05-05T13:48:24.484061,AWS,10.0.191.135,,,
CTR048,TOKEN_USE,2026-02-18T13:48:24.484067,AWS,10.0.205.164,,,
SVC049,LOGIN,2026-04-27T13:48:24.484073,AD,10.0.103.116,,,
EMP121,TOKEN_USE,2026-04-25T13:48:24.484078,AWS,10.0.217.228,,,
EMP194,ROLE_CHANGE,2026-03-16T13:48:24.484084,AWS,10.0.43.35,,,
EMP044,ACCESS,2026-02-26T13:48:24.484094,Okta,10.0.180.59,,,
SVC049,LOGIN,2026-02-20T13:48:24.484100,Okta,10.0.172.110,,,
CTR031,TOKEN_USE,2026-03-01T13:48:24.484106,AWS,10.0.188.206,,,
SVC005,ACCESS,2026-04-11T13:48:24.484111,AWS,10.0.12.46,,,
CTR027,ROLE_CHANGE,2026-04-13T13:48:24.484117,Okta,10.0.38.92,,,
EMP043,ACCESS,2026-02-11T13:48:24.484122,Okta,10.0.40.202,,,
EMP142,ROLE_CHANGE,2026-05-25T13:48:24.484133,AD,10.0.36.93,,,
EMP020,ROLE_CHANGE,2026-03-26T13:48:24.484142,AD,10.0.168.65,,,
EMP155,ACCESS,2026-05-02T13:48:24.484152,Okta,10.0.70.219,,,
SVC029,ACCESS,2026-06-17T13:48:24.484159,AWS,10.0.144.211,,,
EMP178,TOKEN_USE,2026-03-08T13:48:24.484165,Okta,10.0.6.121,,,
SVC013,ROLE_CHANGE,2026-03-10T13:48:24.484174,AD,10.0.116.186,,,
EMP108,TOKEN_USE,2026-04-21T13:48:24.484180,Okta,10.0.239.185,,,
CTR037,ACCESS,2026-05-29T13:48:24.484187,AWS,10.0.96.110,,,
CTR014,ROLE_CHANGE,2026-02-27T13:48:24.484193,AWS,10.0.15.96,,,
EMP072,ROLE_CHANGE,2026-04-02T13:48:24.484199,Okta,10.0.4.128,,,
EMP182,ACCESS,2026-04-23T13:48:24.484204,AWS,10.0.217.176,,,
CTR007,ACCESS,2026-03-28T13:48:24.484210,Okta,10.0.11.146,,,
EMP017,ROLE_CHANGE,2026-05-11T13:48:24.484218,AWS,10.0.200.251,,,
EMP196,ROLE_CHANGE,2026-03-11T13:48:24.484224,AD,10.0.197.49,,,
CTR044,LOGIN,2026-03-27T13:48:24.484230,Okta,10.0.231.164,,,
EMP156,LOGIN,2026-05-07T13:48:24.484236,AD,10.0.90.9,,,
SVC001,LOGIN,2026-05-03T13:48:24.484242,AD,10.0.35.234,,,
EMP198,ACCESS,2026-04-28T13:48:24.484248,AD,10.0.149.169,,,
SVC019,LOGIN,2026-02-23T13:48:24.484254,AD,10.0.188.133,,,
EMP006,ROLE_CHANGE,2026-03-28T13:48:24.484259,AWS,10.0.200.41,,,
EMP057,ROLE_CHANGE,2026-02-02T13:48:24.484265,AWS,10.0.244.191,,,
EMP036,TOKEN_USE,2026-04-28T13:48:24.484271,AD,10.0.105.80,,,
CTR022,TOKEN_USE,2026-05-10T13:48:24.484277,Okta,10.0.158.151,,,
EMP104,TOKEN_USE,2026-04-10T13:48:24.484283,AD,10.0.3.254,,,
EMP074,TOKEN_USE,2026-06-03T13:48:24.484289,AWS,10.0.126.135,,,
EMP169,TOKEN_USE,2026-02-22T13:48:24.484295,AWS,10.0.20.189,,,
EMP047,ACCESS,2026-01-05T13:48:24.484301,AWS,10.0.177.180,,,
EMP153,TOKEN_USE,2026-01-14T13:48:24.484307,AD,10.0.212.64,,,
EMP092,TOKEN_USE,2026-02-22T13:48:24.484313,AWS,10.0.93.179,,,
SVC042,LOGIN,2026-03-11T13:48:24.484323,Okta,10.0.22.62,,,
EMP081,ACCESS,2026-01-10T13:48:24.484333,Okta,10.0.149.171,,,
EMP035,ROLE_CHANGE,2026-02-13T13:48:24.484348,AWS,10.0.62.95,,,
EMP040,LOGIN,2026-02-10T13:48:24.484355,AWS,10.0.209.116,,,
EMP085,ACCESS,2026-04-27T13:48:24.484360,Okta,10.0.22.119,,,
EMP014,LOGIN,2026-01-07T13:48:24.484366,Okta,10.0.236.98,,,
EMP176,TOKEN_USE,2026-05-01T13:48:24.484372,AWS,10.0.19.3,,,
EMP129,LOGIN,2026-05-16T13:48:24.484378,AWS,10.0.237.125,,,
CTR037,LOGIN,2026-05-29T13:48:24.484387,Okta,10.0.124.183,,,
CTR025,ROLE_CHANGE,2026-02-19T13:48:24.484393,AWS,10.0.82.44,,,
EMP010,LOGIN,2026-05-05T13:48:24.484399,AWS,10.0.63.137,,,
CTR001,ROLE_CHANGE,2026-05-31T13:48:24.484408,Okta,10.0.5.174,,,
EMP140,ROLE_CHANGE,2026-02-27T13:48:24.484413,AWS,10.0.91.56,,,
EMP018,ROLE_CHANGE,2026-02-26T13:48:24.484419,Okta,10.0.24.215,,,
SVC018,LOGIN,2026-03-12T13:48:24.484425,Okta,10.0.157.114,,,
EMP027,LOGIN,2026-06-07T13:48:24.484432,AWS,10.0.103.238,,,
EMP128,ACCESS,2026-04-19T13:48:24.484438,AD,10.0.46.5,,,
CTR016,LOGIN,2026-06-16T13:48:24.484444,AWS,10.0.98.175,,,
EMP033,ROLE_CHANGE,2026-05-26T13:48:24.484450,Okta,10.0.85.186,,,
EMP086,LOGIN,2026-03-05T13:48:24.484455,Okta,10.0.55.209,,,
EMP168,ACCESS,2026-01-27T13:48:24.484461,Okta,10.0.97.160,,,
EMP107,TOKEN_USE,2026-03-02T13:48:24.484467,AD,10.0.118.55,,,
EMP055,ACCESS,2026-03-29T13:48:24.484472,AD,10.0.7.103,,,
EMP162,LOGIN,2026-03-12T13:48:24.484478,AD,10.0.234.57,,,
EMP034,ACCESS,2026-01-04T13:48:24.484484,Okta,10.0.188.12,,,
EMP035,ROLE_CHANGE,2026-03-06T13:48:24.484490,AWS,10.0.255.252,,,
EMP053,ROLE_CHANGE,2026-04-16T13:48:24.484496,AD,10.0.166.252,,,
EMP199,ROLE_CHANGE,2026-03-26T13:48:24.484503,AD,10.0.162.251,,,
CTR047,LOGIN,2026-03-26T13:48:24.484509,AD,10.0.229.98,,,
SVC012,ROLE_CHANGE,2026-02-11T13:48:24.484515,Okta,10.0.6.60,,,
EMP011,LOGIN,2026-04-01T13:48:24.484521,AD,10.0.219.194,,,
EMP125,LOGIN,2026-06-04T13:48:24.484527,AD,10.0.191.128,,,
EMP152,ROLE_CHANGE,2026-05-12T13:48:24.484539,AWS,10.0.104.165,,,
EMP020,ROLE_CHANGE,2026-01-17T13:48:24.484549,AWS,10.0.168.35,,,
EMP143,ACCESS,2026-01-06T13:48:24.484559,AD,10.0.212.166,,,
EMP148,LOGIN,2026-04-22T13:48:24.484565,Okta,10.0.169.88,,,
EMP125,ROLE_CHANGE,2026-02-01T13:48:24.484571,AD,10.0.127.206,,,
EMP114,TOKEN_USE,2026-02-06T13:48:24.484577,AWS,10.0.93.114,,,
EMP004,LOGIN,2026-02-14T13:48:24.484583,AD,10.0.98.14,,,
EMP073,ROLE_CHANGE,2026-05-18T13:48:24.484589,AD,10.0.88.152,,,
SVC032,ROLE_CHANGE,2026-04-20T13:48:24.484598,Okta,10.0.40.110,,,
CTR040,ACCESS,2026-05-08T13:48:24.484604,Okta,10.0.101.63,,,
CTR018,ROLE_CHANGE,2026-01-15T13:48:24.484610,AD,10.0.155.74,,,
SVC046,TOKEN_USE,2026-01-08T13:48:24.484616,AD,10.0.139.221,,,
CTR047,LOGIN,2026-03-19T13:48:24.484621,AWS,10.0.193.43,,,
CTR042,TOKEN_USE,2026-03-03T13:48:24.484627,Okta,10.0.221.195,,,
EMP080,TOKEN_USE,2026-06-14T13:48:24.484633,AWS,10.0.218.219,,,
EMP043,ACCESS,2026-01-18T13:48:24.484640,Okta,10.0.78.142,,,
EMP090,ACCESS,2026-03-14T13:48:24.484646,AWS,10.0.156.117,,,
EMP146,TOKEN_USE,2026-01-27T13:48:24.484652,Okta,10.0.246.19,,,
EMP171,ROLE_CHANGE,2026-02-19T13:48:24.484661,AD,10.0.79.235,,,
EMP098,LOGIN,2026-06-16T13:48:24.484667,Okta,10.0.191.126,,,
CTR008,TOKEN_USE,2026-03-10T13:48:24.484672,Okta,10.0.191.99,,,
SVC001,ACCESS,2026-01-06T13:48:24.484678,Okta,10.0.36.105,,,
EMP020,LOGIN,2026-03-13T13:48:24.484684,Okta,10.0.83.50,,,
CTR024,ACCESS,2026-03-22T13:48:24.484690,Okta,10.0.250.163,,,
EMP189,LOGIN,2026-01-04T13:48:24.484696,AWS,10.0.217.189,,,
EMP127,ROLE_CHANGE,2026-02-17T13:48:24.484702,AD,10.0.185.162,,,
EMP015,ROLE_CHANGE,2026-04-14T13:48:24.484708,Okta,10.0.233.242,,,
EMP076,ACCESS,2026-04-17T13:48:24.484713,Okta,10.0.82.4,,,
EMP060,LOGIN,2026-01-06T13:48:24.484719,Okta,10.0.196.102,,,
EMP042,ROLE_CHANGE,2026-03-03T13:48:24.484725,AD,10.0.218.65,,,
EMP155,TOKEN_USE,2026-01-20T13:48:24.484735,AWS,10.0.210.193,,,
EMP046,LOGIN,2026-01-08T13:48:24.484741,Okta,10.0.176.209,,,
EMP074,ACCESS,2026-04-27T13:48:24.484747,Okta,10.0.203.179,,,
EMP158,LOGIN,2026-05-07T13:48:24.484756,AWS,10.0.0.25,,,
EMP036,TOKEN_USE,2026-02-05T13:48:24.484762,AWS,10.0.147.188,,,
CTR021,ROLE_CHANGE,2026-05-05T13:48:24.484768,AWS,10.0.95.181,,,
EMP069,ROLE_CHANGE,2026-02-15T13:48:24.484774,AD,10.0.56.116,,,
SVC041,ROLE_CHANGE,2026-05-03T13:48:24.484784,AD,10.0.30.192,,,
EMP094,ROLE_CHANGE,2026-04-14T13:48:24.484794,AWS,10.0.225.161,,,
EMP056,ROLE_CHANGE,2026-05-30T13:48:24.484811,AWS,10.0.43.97,,,
EMP064,ACCESS,2026-06-03T13:48:24.484820,AWS,10.0.15.150,,,
EMP121,TOKEN_USE,2026-02-15T13:48:24.484826,Okta,10.0.51.3,,,
EMP032,ACCESS,2026-06-18T13:48:24.484832,Okta,10.0.21.25,,,
EMP109,LOGIN,2026-03-15T13:48:24.484838,Okta,10.0.136.239,,,
CTR049,TOKEN_USE,2026-03-25T13:48:24.484844,Okta,10.0.219.87,,,
EMP190,ACCESS,2026-03-31T13:48:24.484849,AD,10.0.184.171,,,
CTR005,TOKEN_USE,2026-01-14T13:48:24.484855,AD,10.0.182.224,,,
EMP170,LOGIN,2026-06-19T13:48:24.484862,AWS,10.0.205.186,,,
EMP072,LOGIN,2026-01-16T13:48:24.484868,AD,10.0.143.244,,,
EMP128,ACCESS,2026-02-24T13:48:24.484874,Okta,10.0.243.132,,,
CTR012,ROLE_CHANGE,2026-06-19T13:48:24.484880,Okta,10.0.164.5,,,
EMP185,LOGIN,2026-03-28T13:48:24.484886,Okta,10.0.227.60,,,
CTR049,TOKEN_USE,2026-01-14T13:48:24.484892,AD,10.0.178.110,,,
CTR044,LOGIN,2026-03-13T13:48:24.484898,AWS,10.0.99.183,,,
EMP074,LOGIN,2026-05-18T13:48:24.484904,AWS,10.0.44.78,,,
SVC031,TOKEN_USE,2026-05-07T13:48:24.484910,AWS,10.0.59.124,,,
SVC027,ROLE_CHANGE,2026-04-18T13:48:24.484916,AD,10.0.87.193,,,
EMP046,LOGIN,2026-02-28T13:48:24.484922,Okta,10.0.14.42,,,
EMP168,TOKEN_USE,2026-04-09T13:48:24.484928,AD,10.0.131.171,,,
CTR044,LOGIN,2025-12-31T13:48:24.484934,AD,10.0.251.24,,,
EMP171,ROLE_CHANGE,2026-01-23T13:48:24.484941,Okta,10.0.33.165,,,
EMP176,TOKEN_USE,2026-03-14T13:48:24.484946,Okta,10.0.223.207,,,
EMP120,ROLE_CHANGE,2026-04-14T13:48:24.484953,AD,10.0.148.23,,,
EMP058,LOGIN,2026-03-24T13:48:24.484958,Okta,10.0.96.191,,,
EMP060,ACCESS,2026-05-18T13:48:24.484964,AWS,10.0.194.148,,,
EMP001,ACCESS,2026-06-04T13:48:24.484971,Okta,10.0.97.217,,,
EMP199,TOKEN_USE,2026-03-30T13:48:24.484978,AWS,10.0.64.134,,,
EMP114,LOGIN,2026-03-10T13:48:24.484984,AD,10.0.235.81,,,
EMP075,ACCESS,2026-04-24T13:48:24.484990,AWS,10.0.233.38,,,
EMP146,ROLE_CHANGE,2025-12-31T13:48:24.484997,Okta,10.0.17.154,,,
EMP164,ACCESS,2026-02-11T13:48:24.485009,Okta,10.0.63.71,,,
SVC044,TOKEN_USE,2026-01-09T13:48:24.485019,AD,10.0.253.75,,,
EMP193,LOGIN,2026-03-26T13:48:24.485029,AD,10.0.107.218,,,
EMP116,LOGIN,2026-05-05T13:48:24.485038,AWS,10.0.200.77,,,
EMP082,LOGIN,2026-01-30T13:48:24.485045,AWS,10.0.172.109,,,
CTR043,ACCESS,2026-03-11T13:48:24.485051,AWS,10.0.36.136,,,
EMP145,ACCESS,2025-12-23T13:48:24.485057,AD,10.0.201.25,,,
EMP068,ACCESS,2026-01-22T13:48:24.485063,AD,10.0.155.118,,,
EMP084,ROLE_CHANGE,2026-02-26T13:48:24.485069,Okta,10.0.247.75,,,
EMP075,ROLE_CHANGE,2026-04-25T13:48:24.485076,Okta,10.0.100.189,,,
EMP005,ACCESS,2026-01-23T13:48:24.485082,AD,10.0.75.97,,,
CTR019,ROLE_CHANGE,2026-06-05T13:48:24.485111,AD,10.0.182.250,,,
CTR043,ROLE_CHANGE,2026-06-06T13:48:24.485122,AD,10.0.173.152,,,
CTR023,ROLE_CHANGE,2026-01-10T13:48:24.485131,Okta,10.0.206.63,,,
EMP018,LOGIN,2026-04-19T13:48:24.485140,AWS,10.0.250.78,,,
EMP089,TOKEN_USE,2025-12-24T13:48:24.485150,Okta,10.0.45.200,,,
CTR038,TOKEN_USE,2026-04-10T13:48:24.485162,Okta,10.0.227.95,,,
EMP006,LOGIN,2026-05-21T13:48:24.485167,AD,10.0.62.126,,,
SVC011,ROLE_CHANGE,2026-06-14T13:48:24.485173,Okta,10.0.245.71,,,
EMP049,ROLE_CHANGE,2026-03-13T13:48:24.485179,AWS,10.0.222.77,,,
SVC043,ROLE_CHANGE,2026-05-25T13:48:24.485185,AWS,10.0.32.183,,,
SVC026,ROLE_CHANGE,2026-03-08T13:48:24.485191,Okta,10.0.10.101,,,
SVC035,TOKEN_USE,2026-06-03T13:48:24.485200,Okta,10.0.63.193,,,
EMP107,LOGIN,2026-05-04T13:48:24.485211,Okta,10.0.92.2,,,
SVC035,TOKEN_USE,2026-03-31T13:48:24.485230,AD,10.0.20.33,,,
SVC045,ROLE_CHANGE,2026-01-03T13:48:24.485238,AD,10.0.44.144,,,
EMP132,LOGIN,2026-05-29T13:48:24.485250,AD,10.0.152.94,,,
SVC029,ROLE_CHANGE,2026-03-03T13:48:24.485260,Okta,10.0.0.64,,,
EMP154,LOGIN,2026-02-07T13:48:24.485269,AWS,10.0.227.36,,,
SVC046,TOKEN_USE,2025-12-24T13:48:24.485275,AWS,10.0.180.156,,,
SVC026,ROLE_CHANGE,2025-12-25T13:48:24.485281,AD,10.0.22.61,,,
EMP019,ROLE_CHANGE,2026-05-14T13:48:24.485287,AWS,10.0.110.246,,,
EMP069,ROLE_CHANGE,2026-01-19T13:48:24.485293,AWS,10.0.142.33,,,
CTR017,LOGIN,2026-01-30T13:48:24.485299,AWS,10.0.133.98,,,
EMP084,TOKEN_USE,2026-02-23T13:48:24.485310,AD,10.0.130.174,,,
CTR018,ROLE_CHANGE,2026-02-02T13:48:24.485316,AD,10.0.36.162,,,
EMP138,ROLE_CHANGE,2026-03-16T13:48:24.485322,Okta,10.0.83.108,,,
EMP079,ACCESS,2026-02-28T13:48:24.485328,AWS,10.0.13.247,,,
EMP127,LOGIN,2026-04-11T13:48:24.485335,AD,10.0.56.176,,,
SVC031,TOKEN_USE,2026-06-03T13:48:24.485347,AWS,10.0.45.93,,,
EMP171,ACCESS,2026-05-13T13:48:24.485356,AD,10.0.140.3,,,
EMP051,TOKEN_USE,2026-04-24T13:48:24.485367,AWS,10.0.53.201,,,
EMP064,ROLE_CHANGE,2026-02-05T13:48:24.485377,Okta,10.0.156.151,,,
SVC001,LOGIN,2026-02-04T13:48:24.485391,AWS,10.0.144.142,,,
EMP139,LOGIN,2026-06-07T13:48:24.485404,AD,10.0.162.243,,,
EMP200,ROLE_CHANGE,2026-03-23T13:48:24.485413,Okta,10.0.206.123,,,
EMP066,ACCESS,2026-06-17T13:48:24.485423,Okta,10.0.79.169,,,
EMP065,ROLE_CHANGE,2026-03-15T13:48:24.485429,Okta,10.0.136.14,,,
EMP190,ROLE_CHANGE,2025-12-28T13:48:24.485435,Okta,10.0.214.181,,,
CTR035,ROLE_CHANGE,2026-02-27T13:48:24.485441,AWS,10.0.239.129,,,
EMP147,ACCESS,2026-03-02T13:48:24.485446,Okta,10.0.117.79,,,
EMP045,ACCESS,2026-03-07T13:48:24.485453,AWS,10.0.46.163,,,
EMP041,LOGIN,2026-04-19T13:48:24.485459,AD,10.0.84.148,,,
EMP030,LOGIN,2026-04-07T13:48:24.485465,Okta,10.0.252.207,,,
EMP006,TOKEN_USE,2025-12-28T13:48:24.485471,Okta,10.0.69.123,,,
SVC005,LOGIN,2026-03-08T13:48:24.485477,AD,10.0.97.234,,,
EMP004,TOKEN_USE,2025-12-22T13:48:24.485487,Okta,10.0.176.63,,,
SVC021,LOGIN,2026-01-15T13:48:24.485499,AWS,10.0.86.173,,,
EMP007,,2026-06-21 00:09:27,AWS,,RoleAssigned,Self-assigned AdministratorAccess role,run_pe_1
EMP009,,2026-06-21 00:09:27,Okta,,Login,Impossible Travel: Login from US and CN within 5 mins,run_it_1
EMP010,,2026-06-21 00:09:27,Okta,,Login,Credential Sharing: 5+ IPs concurrently,run_cs_1
