identity_id,start_hour,end_hour
EMP001,7,18
EMP002,7,19
EMP003,9,19
EMP004,7,17
EMP005,9,20
EMP006,8,19
EMP007,10,18
EMP008,10,20
EMP009,8,20
EMP010,10,20
EMP011,10,18
EMP012,10,20
EMP013,9,16
EMP014,9,18
EMP015,9,18
EMP016,7,16
EMP017,7,20
EMP018,8,20
EMP019,8,16
EMP020,10,18
EMP021,8,19
EMP022,7,18
EMP023,7,16
EMP024,10,16
EMP025,10,16
EMP026,8,20
EMP027,10,17
EMP028,10,18
EMP029,8,19
EMP030,8,16
EMP031,9,18
EMP032,9,20
EMP033,7,19
EMP034,10,16
EMP035,7,16
EMP036,9,17
EMP037,9,20
EMP038,9,17
EMP039,7,18
EMP040,10,19
EMP041,9,20
EMP042,10,19
EMP043,10,19
EMP044,7,18
EMP045,10,18
EMP046,8,16
EMP047,9,18
EMP048,10,18
EMP049,10,19
EMP050,9,20
EMP051,7,20
EMP052,10,18
EMP053,9,17
EMP054,8,20
EMP055,7,19
EMP056,8,17
EMP057,9,18
EMP058,10,19
EMP059,8,17
EMP060,10,18
EMP061,9,16
EMP062,7,19
EMP063,9,20
EMP064,9,17
EMP065,7,16
EMP066,10,17
EMP067,8,16
EMP068,8,17
EMP069,9,17
EMP070,10,19
EMP071,10,19
EMP072,9,19
EMP073,8,18
EMP074,7,19
EMP075,7,16
EMP076,7,17
EMP077,9,16
EMP078,7,18
EMP079,9,20
EMP080,10,16
EMP081,7,20
EMP082,7,16
EMP083,10,20
EMP084,10,19
EMP085,10,20
EMP086,8,17
EMP087,7,17
EMP088,9,19
EMP089,7,18
EMP090,10,17
EMP091,10,18
EMP092,8,19
EMP093,7,17
EMP094,7,17
EMP095,7,17
EMP096,9,17
EMP097,10,18
EMP098,8,19
EMP099,9,20
EMP100,10,20
EMP101,7,19
EMP102,9,17
EMP103,9,18
EMP104,8,18
EMP105,8,16
EMP106,8,20
EMP107,9,18
EMP108,9,18
EMP109,7,16
EMP110,10,18
EMP111,9,18
EMP112,9,19
EMP113,9,17
EMP114,8,16
EMP115,7,17
EMP116,8,17
EMP117,10,18
EMP118,10,20
EMP119,7,19
EMP120,10,19
EMP121,8,17
EMP122,9,17
EMP123,10,17
EMP124,7,17
EMP125,10,17
EMP126,7,19
EMP127,9,16
EMP128,7,16
EMP129,10,17
EMP130,7,18
EMP131,9,17
EMP132,7,19
EMP133,8,18
EMP134,8,18
EMP135,8,18
EMP136,8,18
EMP137,7,16
EMP138,7,20
EMP139,7,19
EMP140,10,19
EMP141,9,20
EMP142,7,19
EMP143,9,17
EMP144,9,18
EMP145,9,18
EMP146,9,18
EMP147,10,16
EMP148,8,20
EMP149,9,16
EMP150,10,20
EMP151,8,19
EMP152,7,16
EMP153,9,17
EMP154,7,17
EMP155,10,20
EMP156,9,20
EMP157,10,20
EMP158,10,20
EMP159,8,20
EMP160,7,18
EMP161,9,19
EMP162,8,19
EMP163,7,18
EMP164,10,17
EMP165,9,19
EMP166,8,16
EMP167,7,20
EMP168,10,18
EMP169,8,18
EMP170,8,17
EMP171,8,20
EMP172,10,17
EMP173,8,17
EMP174,7,17
EMP175,7,20
EMP176,10,16
EMP177,10,17
EMP178,8,17
EMP179,7,20
EMP180,8,17
EMP181,8,16
EMP182,7,16
EMP183,7,17
EMP184,8,17
EMP185,7,16
EMP186,7,20
EMP187,10,19
EMP188,10,19
EMP189,7,16
EMP190,7,20
EMP191,10,19
EMP192,7,16
EMP193,7,18
EMP194,8,18
EMP195,10,16
EMP196,9,16
EMP197,8,20
EMP198,9,18
EMP199,8,16
EMP200,7,19
CTR001,9,19
CTR002,8,17
CTR003,9,18
CTR004,10,20
CTR005,9,16
CTR006,7,16
CTR007,8,16
CTR008,10,19
CTR009,8,16
CTR010,9,18
CTR011,9,20
CTR012,10,19
CTR013,7,18
CTR014,7,16
CTR015,10,19
CTR016,10,19
CTR017,9,16
CTR018,7,16
CTR019,10,18
CTR020,9,16
CTR021,7,17
CTR022,9,16
CTR023,10,20
CTR024,9,16
CTR025,10,20
CTR026,9,20
CTR027,10,16
CTR028,7,18
CTR029,8,19
CTR030,10,20
CTR031,8,18
CTR032,8,19
CTR033,10,17
CTR034,10,20
CTR035,10,16
CTR036,8,20
CTR037,10,20
CTR038,7,19
CTR039,10,20
CTR040,7,18
CTR041,7,18
CTR042,10,17
CTR043,9,19
CTR044,7,20
CTR045,10,19
CTR046,7,20
CTR047,8,17
CTR048,7,16
CTR049,8,19
CTR050,9,19
SVC001,1,8
SVC002,0,7
SVC003,0,10
SVC004,0,10
SVC005,2,7
SVC006,0,9
SVC007,2,8
SVC008,4,8
SVC009,0,9
SVC010,3,9
SVC011,2,6
SVC012,1,9
SVC013,2,9
SVC014,4,7
SVC015,0,6
SVC016,4,10
SVC017,1,8
SVC018,0,10
SVC019,4,9
SVC020,1,9
SVC021,2,7
SVC022,1,7
SVC023,4,9
SVC024,2,10
SVC025,4,6
SVC026,3,6
SVC027,2,8
SVC028,2,7
SVC029,0,10
SVC030,2,8
SVC031,2,9
SVC032,0,8
SVC033,3,10
SVC034,1,6
SVC035,4,7
SVC036,1,8
SVC037,3,6
SVC038,4,6
SVC039,0,6
SVC040,3,7
SVC041,2,9
SVC042,2,6
SVC043,3,7
SVC044,1,7
SVC045,2,9
SVC046,1,10
SVC047,1,10
SVC048,4,8
SVC049,2,6
SVC050,0,6
